Label,Sample..,n,Family,LTU,Date,Cruise.Number,Site,Tow.Type,Tow..,Net..,depth_range_m,Preservative,ETP.Endemic.,Total Subsample,# Dissected
DG5B_M10_S8_4_541_Argyropelecus lychnus,541,7,Sternoptychidae,Argyropelecus lychnus,2021-04-02,DG5B,CTA,Night,S8,4,70-450,10% formalin,Yes,,
DG5B_M10_S9_4_605_Argyropelecus lychnus,605,18,Sternoptychidae,Argyropelecus lychnus,2021-04-03,DG5B,CTA,Night,S9,4,70-450,10% formalin,Yes,,3
DG5B_M10_S10_4_675_Argyropelecus lychnus,675,10,Sternoptychidae,Argyropelecus lychnus,2021-04-07,DG5B,CTA,Day,S10,4,70-450,10% formalin,Yes,,3
DG5B_M10_S11_4_748_Argyropelecus lychnus,748,23,Sternoptychidae,Argyropelecus lychnus,2021-04-08,DG5B,CTA,Day,S11,4,70-450,10% formalin,Yes,,5
DG5B_M10_S12_4_822_Argyropelecus lychnus,822,21,Sternoptychidae,Argyropelecus lychnus,2021-04-09,DG5B,CTA,Day,S12,4,70-450,10% formalin,Yes,,4
DG5B_M10_S7_4_465_Argyropelecus lychnus,465,6,Sternoptychidae,Argyropelecus lychnus,2021-03-31,DG5B,CTA,Night,S7,4,70-450,ETOH 100,Yes,,
DG5B_M10_S9_1_561_Argyropelecus lychnus,561,1,Sternoptychidae,Argyropelecus lychnus,2021-04-03,DG5B,CTA,Night,S9,1,1000-1500,ETOH 100,Yes,,
DG5B_M10_S10_3_661_Argyropelecus lychnus,661,1,Sternoptychidae,Argyropelecus lychnus,2021-04-07,DG5B,CTA,Day,S10,3,450-700,ETOH 100,Yes,,
DG5B_M10_S11_3_739_Argyropelecus lychnus,739,1,Sternoptychidae,Argyropelecus lychnus,2021-04-08,DG5B,CTA,Day,S11,3,450-700,ETOH 100,Yes,,
DG5B_M10_S1_1_18_Argyropelecus lychnus,18,2,Sternoptychidae,Argyropelecus lychnus,2021-03-17,DG5B,PRZ,Day,S1,1,1000-1500,10% formalin,Yes,,
DG5B_M10_S1_2_38_Argyropelecus lychnus,38,1,Sternoptychidae,Argyropelecus lychnus,2021-03-17,DG5B,PRZ,Day,S1,2,700-1000,10% formalin,Yes,,
DG5B_M10_S2_4_128_Argyropelecus lychnus,128,21,Sternoptychidae,Argyropelecus lychnus,2021-03-18,DG5B,PRZ,Day,S2,4,70-450,10% formalin,Yes,,4
DG5B_M10_S4_3_245_Argyropelecus lychnus,245,1,Sternoptychidae,Argyropelecus lychnus,2021-03-23,DG5B,PRZ,Night,S4,3,450-700,10% formalin,Yes,,1
DG5B_M10_S4_4_263_Argyropelecus lychnus,263,6,Sternoptychidae,Argyropelecus lychnus,2021-03-23,DG5B,PRZ,Night,S4,4,70-450,10% formalin,Yes,,1
DG5B_M10_S5_4_307_Argyropelecus lychnus,307,13,Sternoptychidae,Argyropelecus lychnus,2021-03-24,DG5B,PRZ,Night,S5,4,70-450,10% formalin,Yes,,3
DG5C_M10_S19_4_386_Argyropelecus lychnus,386,4,Sternoptychidae,Argyropelecus lychnus,2021-10-11,DG5C,PRZ,Day,S19,4,70-450,10% formalin,Yes,,
DG5B_M10_S6_4_410_Argyropelecus lychnus,410,25,Sternoptychidae,Argyropelecus lychnus,2021-03-27,DG5B,PRZ,Day,S6,4,70-450,10% formalin,Yes,,6
DG5B_M10_S13_4_887_Argyropelecus lychnus,887,2,Sternoptychidae,Argyropelecus lychnus,2021-04-15,DG5B,PRZ,Day,S13,4,70-450,10% formalin,Yes,,
DG5B_M10_S1_3_43_Argyropelecus lychnus,43,8,Sternoptychidae,Argyropelecus lychnus,2021-03-17,DG5B,PRZ,Day,S1,3,450-700,ETOH 100,Yes,,
DG5B_M10_S1_4_61_Argyropelecus lychnus,61,8,Sternoptychidae,Argyropelecus lychnus,2021-03-17,DG5B,PRZ,Day,S1,4,70-450,ETOH 100,Yes,,
DG5B_M10_S2_1_82_Argyropelecus lychnus,82,1,Sternoptychidae,Argyropelecus lychnus,2021-03-18,DG5B,PRZ,Day,S2,1,1000-1500,ETOH 100,Yes,,
DG5B_M10_S2_2_100_Argyropelecus lychnus,100,1,Sternoptychidae,Argyropelecus lychnus,2021-03-18,DG5B,PRZ,Day,S2,2,700-1000,ETOH 100,Yes,,
DG5C_M10_S16_4_183_Argyropelecus lychnus,183,5,Sternoptychidae,Argyropelecus lychnus,2021-10-06,DG5C,PRZ,Night,S16,4,70-450,ETOH 100,Yes,,
DG5B_M10_S3_4_196_Argyropelecus lychnus,196,8,Sternoptychidae,Argyropelecus lychnus,2021-03-21,DG5B,PRZ,Night,S3,4,70-450,ETOH 100,Yes,,
DG5C_M10_S17_4_256_Argyropelecus lychnus,256,1,Sternoptychidae,Argyropelecus lychnus,2021-10-09,DG5C,PRZ,Day,S17,4,70-450,ETOH 100,Yes,,
DG5C_M10_S22_2_495_Bathylagoides nigrigenys,495,11,Bathylagidae,Bathylagoides nigrigenys,2021-10-15,DG5C,CTA,Day,S22,2,700-1000,10% formalin,OMZ,,
DG5C_M10_S22_3_521_Bathylagoides nigrigenys,521,2,Bathylagidae,Bathylagoides nigrigenys,2021-10-15,DG5C,CTA,Day,S22,3,450-700,10% formalin,OMZ,,
DG5B_M10_S8_4_535_Bathylagoides nigrigenys,535,3,Bathylagidae,Bathylagoides nigrigenys,2021-04-02,DG5B,CTA,Night,S8,4,70-450,10% formalin,OMZ,,
DG5C_M10_S23_2_564_Bathylagoides nigrigenys,564,1,Bathylagidae,Bathylagoides nigrigenys,2021-10-16,DG5C,CTA,Day,S23,2,700-1000,10% formalin,OMZ,,
DG5B_M10_S9_2_575_Bathylagoides nigrigenys,575,7,Bathylagidae,Bathylagoides nigrigenys,2021-04-03,DG5B,CTA,Night,S9,2,700-1000,10% formalin,OMZ,,
DG5B_M10_S9_4_600_Bathylagoides nigrigenys,600,3,Bathylagidae,Bathylagoides nigrigenys,2021-04-03,DG5B,CTA,Night,S9,4,70-450,10% formalin,OMZ,,
DG5B_M10_S10_2_646_Bathylagoides nigrigenys,646,7,Bathylagidae,Bathylagoides nigrigenys,2021-04-07,DG5B,CTA,Day,S10,2,700-1000,10% formalin,OMZ,,
DG5C_M10_S25_2_705_Bathylagoides nigrigenys,705,7,Bathylagidae,Bathylagoides nigrigenys,2021-10-18,DG5C,CTA,Night,S25,2,700-1000,10% formalin,OMZ,,
DG5B_M10_S11_2_714_Bathylagoides nigrigenys,714,4,Bathylagidae,Bathylagoides nigrigenys,2021-04-08,DG5B,CTA,Day,S11,2,700-1000,10% formalin,OMZ,,
DG5C_M10_S25_3_722_Bathylagoides nigrigenys,722,3,Bathylagidae,Bathylagoides nigrigenys,2021-10-18,DG5C,CTA,Night,S25,3,450-700,10% formalin,OMZ,,
DG5B_M10_S12_2_791_Bathylagoides nigrigenys,791,6,Bathylagidae,Bathylagoides nigrigenys,2021-04-09,DG5B,CTA,Day,S12,2,700-1000,10% formalin,OMZ,,
DG5C_M10_S27_2_798_Bathylagoides nigrigenys,798,11,Bathylagidae,Bathylagoides nigrigenys,2021-10-19,DG5C,CTA,Night,S27,2,700-1000,10% formalin,OMZ,,
DG5B_M10_S12_3_811_Bathylagoides nigrigenys,811,1,Bathylagidae,Bathylagoides nigrigenys,2021-04-09,DG5B,CTA,Day,S12,3,450-700,10% formalin,OMZ,,
DG5C_M10_S20_1_418_Bathylagoides nigrigenys,418,1,Bathylagidae,Bathylagoides nigrigenys,2021-10-14,DG5C,CTA,Day,S20,1,1000-1500,ETOH 100,OMZ,,
DG5C_M10_S20_2_432_Bathylagoides nigrigenys,432,4,Bathylagidae,Bathylagoides nigrigenys,2021-10-14,DG5C,CTA,Day,S20,2,700-1000,ETOH 100,OMZ,,
DG5B_M10_S7_4_469_Bathylagoides nigrigenys,469,2,Bathylagidae,Bathylagoides nigrigenys,2021-03-31,DG5B,CTA,Night,S7,4,70-450,ETOH 100,OMZ,,
DG5B_M10_S8_2_507_Bathylagoides nigrigenys,507,1,Bathylagidae,Bathylagoides nigrigenys,2021-04-02,DG5B,CTA,Night,S8,2,700-1000,ETOH 100,OMZ,,
DG5C_M10_S23_1_548_Bathylagoides nigrigenys,548,1,Bathylagidae,Bathylagoides nigrigenys,2021-10-16,DG5C,CTA,Day,S23,1,1000-1500,ETOH 100,OMZ,,
DG5C_M10_S24_2_631_Bathylagoides nigrigenys,631,6,Bathylagidae,Bathylagoides nigrigenys,2021-10-17,DG5C,CTA,Night,S24,2,700-1000,ETOH 100,OMZ,,
DG5C_M10_S24_3_660_Bathylagoides nigrigenys,660,2,Bathylagidae,Bathylagoides nigrigenys,2021-10-17,DG5C,CTA,Night,S24,3,450-700,ETOH 100,OMZ,,
DG5B_M10_S10_3_665_Bathylagoides nigrigenys,665,1,Bathylagidae,Bathylagoides nigrigenys,2021-04-07,DG5B,CTA,Day,S10,3,450-700,ETOH 100,CD,,
DG5C_M10_S24_5_679_Bathylagoides nigrigenys,679,1,Bathylagidae,Bathylagoides nigrigenys,2021-10-17,DG5C,CTA,Night,S24,5,0-70,ETOH 100,OMZ,,
DG5C_M10_S27_3_822_Bathylagoides nigrigenys,822,1,Bathylagidae,Bathylagoides nigrigenys,2021-10-19,DG5C,CTA,Night,S27,3,450-700,ETOH 100,OMZ,,
DG5C_M10_S15_2_99_Bathylagoides nigrigenys,99,9,Bathylagidae,Bathylagoides nigrigenys,2021-10-05,DG5C,PRZ,Night,S15,2,700-1000,10% formalin,OMZ,,
DG5C_M10_S15_3_110_Bathylagoides nigrigenys,110,1,Bathylagidae,Bathylagoides nigrigenys,2021-10-05,DG5C,PRZ,Night,S15,3,450-700,10% formalin,OMZ,,
DG5C_M10_S15_4_116_Bathylagoides nigrigenys,116,2,Bathylagidae,Bathylagoides nigrigenys,2021-10-05,DG5C,PRZ,Night,S15,4,70-450,10% formalin,OMZ,,
DG5C_M10_S16_2_157_Bathylagoides nigrigenys,157,15,Bathylagidae,Bathylagoides nigrigenys,2021-10-06,DG5C,PRZ,Night,S16,2,700-1000,10% formalin,OMZ,,
DG5C_M10_S16_4_181_Bathylagoides nigrigenys,181,6,Bathylagidae,Bathylagoides nigrigenys,2021-10-06,DG5C,PRZ,Night,S16,4,70-450,10% formalin,OMZ,,
DG5B_M10_S4_2_226_Bathylagoides nigrigenys,226,3,Bathylagidae,Bathylagoides nigrigenys,2021-03-23,DG5B,PRZ,Night,S4,2,700-1000,10% formalin,OMZ,,
DG5B_M10_S4_4_264_Bathylagoides nigrigenys,264,3,Bathylagidae,Bathylagoides nigrigenys,2021-03-23,DG5B,PRZ,Night,S4,4,70-450,10% formalin,OMZ,,
DG5C_M10_S18_2_292_Bathylagoides nigrigenys,292,6,Bathylagidae,Bathylagoides nigrigenys,2021-10-10,DG5C,PRZ,Day,S18,2,700-1000,10% formalin,OMZ,,
DG5B_M10_S5_4_302_Bathylagoides nigrigenys,302,6,Bathylagidae,Bathylagoides nigrigenys,2021-03-24,DG5B,PRZ,Night,S5,4,70-450,10% formalin,OMZ,,
DG5C_M10_S19_2_351_Bathylagoides nigrigenys,351,10,Bathylagidae,Bathylagoides nigrigenys,2021-10-11,DG5C,PRZ,Day,S19,2,700-1000,10% formalin,OMZ,,
DG5B_M10_S6_2_376_Bathylagoides nigrigenys,376,6,Bathylagidae,Bathylagoides nigrigenys,2021-03-27,DG5B,PRZ,Day,S6,2,700-1000,10% formalin,OMZ,,
DG5B_M10_S13_2_868_Bathylagoides nigrigenys,868,6,Bathylagidae,Bathylagoides nigrigenys,2021-04-15,DG5B,PRZ,Day,S13,2,700-1000,10% formalin,OMZ,,
DG5C_M10_S14_2_29_Bathylagoides nigrigenys,29,14,Bathylagidae,Bathylagoides nigrigenys,2021-10-04,DG5C,PRZ,Night,S14,2,700-1000,ETOH 100,OMZ,,
DG5C_M10_S14_4_55_Bathylagoides nigrigenys,55,2,Bathylagidae,Bathylagoides nigrigenys,2021-10-04,DG5C,PRZ,Night,S14,4,70-450,ETOH 100,OMZ,,
DG5B_M10_S2_2_93_Bathylagoides nigrigenys,93,1,Bathylagidae,Bathylagoides nigrigenys,2021-03-18,DG5B,PRZ,Day,S2,2,700-1000,ETOH 100,OMZ,,
DG5B_M10_S3_4_197_Bathylagoides nigrigenys,197,5,Bathylagidae,Bathylagoides nigrigenys,2021-03-21,DG5B,PRZ,Night,S3,4,70-450,ETOH 100,OMZ,,
DG5C_M10_S17_2_225_Bathylagoides nigrigenys,225,8,Bathylagidae,Bathylagoides nigrigenys,2021-10-09,DG5C,PRZ,Day,S17,2,700-1000,ETOH 100,OMZ,,
DG5C_M10_S17_3_245_Bathylagoides nigrigenys,245,1,Bathylagidae,Bathylagoides nigrigenys,2021-10-09,DG5C,PRZ,Day,S17,3,450-700,ETOH 100,OMZ,,
DG5C_M10_S22_4_527_Diaphus pacificus,527,7,Myctophidae,Diaphus pacificus,2021-10-15,DG5C,CTA,Day,S22,4,70-450,10% formalin,OMZ,,2
DG5B_M10_S8_5_558_Diaphus pacificus,558,2,Myctophidae,Diaphus pacificus,2021-04-02,DG5B,CTA,Night,S8,5,0-70,10% formalin,Yes,,
DG5C_M10_S23_4_594_Diaphus pacificus,594,2,Myctophidae,Diaphus pacificus,2021-10-16,DG5C,CTA,Day,S23,4,70-450,10% formalin,CD,,1
DG5B_M10_S9_4_603_Diaphus pacificus,603,1,Myctophidae,Diaphus pacificus,2021-04-03,DG5B,CTA,Night,S9,4,70-450,10% formalin,Yes,,
DG5B_M10_S9_5_617_Diaphus pacificus,617,8,Myctophidae,Diaphus pacificus,2021-04-03,DG5B,CTA,Night,S9,5,0-70,10% formalin,Yes,,2
DG5B_M10_S10_3_670_Diaphus pacificus,670,18,Myctophidae,Diaphus pacificus,2021-04-07,DG5B,CTA,Day,S10,3,450-700,10% formalin,Yes,,
DG5B_M10_S10_4_672_Diaphus pacificus,672,7,Myctophidae,Diaphus pacificus,2021-04-07,DG5B,CTA,Day,S10,4,70-450,10% formalin,Yes,,7
DG5C_M10_S25_5_741_Diaphus pacificus,741,6,Myctophidae,Diaphus pacificus,2021-10-18,DG5C,CTA,Night,S25,5,0-70,10% formalin,Yes,,2
DG5B_M10_S11_4_747_Diaphus pacificus,747,4,Myctophidae,Diaphus pacificus,2021-04-08,DG5B,CTA,Day,S11,4,70-450,10% formalin,Yes,,6
DG5C_M10_S26_5_763_Diaphus pacificus,763,1,Myctophidae,Diaphus pacificus,2021-10-19,DG5C,CTA,Night,S26,5,0-70,10% formalin,Yes,,
DG5B_M10_S12_3_803_Diaphus pacificus,803,1,Myctophidae,Diaphus pacificus,2021-04-09,DG5B,CTA,Day,S12,3,450-700,10% formalin,Yes,,
DG5B_M10_S12_4_820_Diaphus pacificus,820,4,Myctophidae,Diaphus pacificus,2021-04-09,DG5B,CTA,Day,S12,4,70-450,10% formalin,CD,,7
DG5B_M10_S12_5_832_Diaphus pacificus,832,1,Myctophidae,Diaphus pacificus,2021-04-09,DG5B,CTA,Day,S12,5,0-70,10% formalin,Yes,,
DG5C_M10_S20_4_459_Diaphus pacificus,459,7,Myctophidae,Diaphus pacificus,2021-10-14,DG5C,CTA,Day,S20,4,70-450,ETOH 100,Yes,,
DG5B_M10_S7_5_481_Diaphus pacificus,481,1,Myctophidae,Diaphus pacificus,2021-03-31,DG5B,CTA,Night,S7,5,0-70,ETOH 100,Yes,,
DG5B_M10_S11_3_729_Diaphus pacificus,729,3,Myctophidae,Diaphus pacificus,2021-04-08,DG5B,CTA,Day,S11,3,450-700,ETOH 100,Yes,,
DG5C_M10_S15_3_109_Diaphus pacificus,109,1,Myctophidae,Diaphus pacificus,2021-10-05,DG5C,PRZ,Night,S15,3,450-700,10% formalin,Yes,,
DG5C_M10_S15_5_121_Diaphus pacificus,121,6,Myctophidae,Diaphus pacificus,2021-10-05,DG5C,PRZ,Night,S15,5,0-70,10% formalin,Yes,,2
DG5B_M10_S4_5_272_Diaphus pacificus,272,1,Myctophidae,Diaphus pacificus,2021-03-23,DG5B,PRZ,Night,S4,5,0-70,10% formalin,Yes,,
DG5C_M10_S19_4_380_Diaphus pacificus,380,12,Myctophidae,Diaphus pacificus,2021-10-11,DG5C,PRZ,Day,S19,4,70-450,10% formalin,Yes,,2
DG5B_M10_S13_3_880_Diaphus pacificus,880,4,Myctophidae,Diaphus pacificus,2021-04-15,DG5B,PRZ,Day,S13,3,450-700,10% formalin,Yes,,
DG5B_M10_S13_4_891_Diaphus pacificus,891,45,Myctophidae,Diaphus pacificus,2021-04-15,DG5B,PRZ,Day,S13,4,70-450,10% formalin,Yes,,9
DG5B_M10_S1_3_49_Diaphus pacificus,49,12,Myctophidae,Diaphus pacificus,2021-03-17,DG5B,PRZ,Day,S1,3,450-700,ETOH 100,Yes,,
DG5C_M10_S14_4_50_Diaphus pacificus,50,1,Myctophidae,Diaphus pacificus,2021-10-04,DG5C,PRZ,Night,S14,4,70-450,ETOH 100,Yes,,
DG5C_M10_S14_5_68_Diaphus pacificus,68,8,Myctophidae,Diaphus pacificus,2021-10-04,DG5C,PRZ,Night,S14,5,0-70,ETOH 100,Yes,,
DG5B_M10_S2_4_130_Diaphus pacificus,130,10,Myctophidae,Diaphus pacificus,2021-03-18,DG5B,PRZ,Day,S2,4,70-450,ETOH 100,Yes,,
DG5C_M10_S16_5_200_Diaphus pacificus,200,6,Myctophidae,Diaphus pacificus,2021-10-06,DG5C,PRZ,Night,S16,5,0-70,ETOH 100,Yes,,
DG5C_M10_S17_3_247_Diaphus pacificus,247,1,Myctophidae,Diaphus pacificus,2021-10-09,DG5C,PRZ,Day,S17,3,450-700,ETOH 100,Yes,,
DG5C_M10_S17_4_251_Diaphus pacificus,251,8,Myctophidae,Diaphus pacificus,2021-10-09,DG5C,PRZ,Day,S17,4,70-450,ETOH 100,Yes,,
DG5B_M10_S6_4_407_Diaphus pacificus,407,5,Myctophidae,Diaphus pacificus,2021-03-27,DG5B,PRZ,Day,S6,4,70-450,ETOH 100,Yes,,
DG5C_M10_S22_3_522_Diogenicthys laternatus,522,2,Myctophidae,Diogenicthys laternatus,2021-10-15,DG5C,CTA,Day,S22,3,450-700,10% formalin,Yes,,
DG5C_M10_S22_4_527_Diogenicthys laternatus,527,5,Myctophidae,Diogenicthys laternatus,2021-10-15,DG5C,CTA,Day,S22,4,70-450,10% formalin,Yes,,1
DG5B_M10_S8_5_558_Diogenicthys laternatus,558,4,Myctophidae,Diogenicthys laternatus,2021-04-02,DG5B,CTA,Night,S8,5,0-70,10% formalin,Yes,,1
DG5C_M10_S23_2_570_Diogenicthys laternatus,570,1,Myctophidae,Diogenicthys laternatus,2021-10-16,DG5C,CTA,Day,S23,2,700-1000,10% formalin,Yes,,
DG5C_M10_S23_3_587_Diogenicthys laternatus,587,10,Myctophidae,Diogenicthys laternatus,2021-10-16,DG5C,CTA,Day,S23,3,450-700,10% formalin,Yes,,2
DG5C_M10_S23_4_594_Diogenicthys laternatus,594,5,Myctophidae,Diogenicthys laternatus,2021-10-16,DG5C,CTA,Day,S23,4,70-450,10% formalin,Yes,,6
DG5B_M10_S9_5_617_Diogenicthys laternatus,617,14,Myctophidae,Diogenicthys laternatus,2021-04-03,DG5B,CTA,Night,S9,5,0-70,10% formalin,Yes,,3
DG5B_M10_S10_3_670_Diogenicthys laternatus,670,3,Myctophidae,Diogenicthys laternatus,2021-04-07,DG5B,CTA,Day,S10,3,450-700,10% formalin,Yes,,4
DG5B_M10_S10_4_672_Diogenicthys laternatus,672,1,Myctophidae,Diogenicthys laternatus,2021-04-07,DG5B,CTA,Day,S10,4,70-450,10% formalin,No,,2
DG5C_M10_S25_5_741_Diogenicthys laternatus,741,7,Myctophidae,Diogenicthys laternatus,2021-10-18,DG5C,CTA,Night,S25,5,0-70,10% formalin,Yes,,1
DG5B_M10_S11_4_747_Diogenicthys laternatus,747,1,Myctophidae,Diogenicthys laternatus,2021-04-08,DG5B,CTA,Day,S11,4,70-450,10% formalin,CD,,1
DG5C_M10_S26_5_763_Diogenicthys laternatus,763,13,Myctophidae,Diogenicthys laternatus,2021-10-19,DG5C,CTA,Night,S26,5,0-70,10% formalin,Yes,,
DG5B_M10_S12_3_803_Diogenicthys laternatus,803,19,Myctophidae,Diogenicthys laternatus,2021-04-09,DG5B,CTA,Day,S12,3,450-700,10% formalin,Yes,,5
DG5B_M10_S12_4_820_Diogenicthys laternatus,820,33,Myctophidae,Diogenicthys laternatus,2021-04-09,DG5B,CTA,Day,S12,4,70-450,10% formalin,CD,,
DG5C_M10_S27_5_837_Diogenicthys laternatus,837,10,Myctophidae,Diogenicthys laternatus,2021-10-19,DG5C,CTA,Night,S27,5,0-70,10% formalin,Yes,,2
DG5C_M10_S20_1_407_Diogenicthys laternatus,407,1,Myctophidae,Diogenicthys laternatus,2021-10-14,DG5C,CTA,Day,S20,1,1000-1500,ETOH 100,Yes,,
DG5C_M10_S20_3_445_Diogenicthys laternatus,445,11,Myctophidae,Diogenicthys laternatus,2021-10-14,DG5C,CTA,Day,S20,3,450-700,ETOH 100,Yes,,
DG5C_M10_S20_4_459_Diogenicthys laternatus,459,19,Myctophidae,Diogenicthys laternatus,2021-10-14,DG5C,CTA,Day,S20,4,70-450,ETOH 100,Yes,,
DG5B_M10_S7_5_481_Diogenicthys laternatus,481,10,Myctophidae,Diogenicthys laternatus,2021-03-31,DG5B,CTA,Night,S7,5,0-70,ETOH 100,Yes,,
DG5C_M10_S22_5_538_Diogenicthys laternatus,538,1,Myctophidae,Diogenicthys laternatus,2021-10-15,DG5C,CTA,Day,S22,5,0-70,ETOH 100,Yes,,
DG5B_M10_S9_3_594_Diogenicthys laternatus,594,1,Myctophidae,Diogenicthys laternatus,2021-04-03,DG5B,CTA,Night,S9,3,450-700,ETOH 100,Yes,,
DG5B_M10_S11_3_729_Diogenicthys laternatus,729,17,Myctophidae,Diogenicthys laternatus,2021-04-08,DG5B,CTA,Day,S11,3,450-700,ETOH 100,Yes,,
DG5C_M10_S27_4_832_Diogenicthys laternatus,832,1,Myctophidae,Diogenicthys laternatus,2021-10-19,DG5C,CTA,Night,S27,4,70-450,ETOH 100,Yes,,
DG5B_M10_S1_2_35_Diogenicthys laternatus,35,2,Myctophidae,Diogenicthys laternatus,2021-03-17,DG5B,PRZ,Day,S1,2,700-1000,10% formalin,Yes,,
DG5C_M10_S15_5_121_Diogenicthys laternatus,121,28,Myctophidae,Diogenicthys laternatus,2021-10-05,DG5C,PRZ,Night,S15,5,0-70,10% formalin,Yes,,6
DG5C_M10_S16_3_171_Diogenicthys laternatus,171,1,Myctophidae,Diogenicthys laternatus,2021-10-06,DG5C,PRZ,Night,S16,3,450-700,10% formalin,Yes,,
DG5C_M10_S16_4_182_Diogenicthys laternatus,182,1,Myctophidae,Diogenicthys laternatus,2021-10-06,DG5C,PRZ,Night,S16,4,70-450,10% formalin,Yes,,
DG5B_M10_S4_5_272_Diogenicthys laternatus,272,4,Myctophidae,Diogenicthys laternatus,2021-03-23,DG5B,PRZ,Night,S4,5,0-70,10% formalin,Yes,,
DG5C_M10_S19_1_330_Diogenicthys laternatus,330,1,Myctophidae,Diogenicthys laternatus,2021-10-11,DG5C,PRZ,Day,S19,1,1000-1500,10% formalin,Yes,,
DG5B_M10_S5_5_342_Diogenicthys laternatus,342,9,Myctophidae,Diogenicthys laternatus,2021-03-24,DG5B,PRZ,Night,S5,5,0-70,10% formalin,Yes,,2
DG5C_M10_S19_3_372_Diogenicthys laternatus,372,9,Myctophidae,Diogenicthys laternatus,2021-10-11,DG5C,PRZ,Day,S19,3,450-700,10% formalin,Yes,,1
DG5C_M10_S19_4_380_Diogenicthys laternatus,380,17,Myctophidae,Diogenicthys laternatus,2021-10-11,DG5C,PRZ,Day,S19,4,70-450,10% formalin,Yes,,4
DG5B_M10_S6_2_383_Diogenicthys laternatus,383,2,Myctophidae,Diogenicthys laternatus,2021-03-27,DG5B,PRZ,Day,S6,2,700-1000,10% formalin,Yes,,
DG5B_M10_S6_3_392_Diogenicthys laternatus,392,79,Myctophidae,Diogenicthys laternatus,2021-03-27,DG5B,PRZ,Day,S6,3,450-700,10% formalin,Yes,,16
DG5B_M10_S13_1_841_Diogenicthys laternatus,841,1,Myctophidae,Diogenicthys laternatus,2021-04-15,DG5B,PRZ,Day,S13,1,1000-1500,10% formalin,Yes,,
DG5B_M10_S13_2_861_Diogenicthys laternatus,861,1,Myctophidae,Diogenicthys laternatus,2021-04-15,DG5B,PRZ,Day,S13,2,700-1000,10% formalin,Yes,,
DG5B_M10_S13_3_880_Diogenicthys laternatus,880,16,Myctophidae,Diogenicthys laternatus,2021-04-15,DG5B,PRZ,Day,S13,3,450-700,10% formalin,Yes,,3
DG5B_M10_S13_4_891_Diogenicthys laternatus,891,47,Myctophidae,Diogenicthys laternatus,2021-04-15,DG5B,PRZ,Day,S13,4,70-450,10% formalin,Yes,,10
DG5B_M10_S13_4_896_Diogenicthys laternatus,896,1,Myctophidae,Diogenicthys laternatus,2021-04-15,DG5B,PRZ,Day,S13,4,70-450,10% formalin,Yes,,
DG5B_M10_S13_4_901_Diogenicthys laternatus,901,1,Myctophidae,Diogenicthys laternatus,2021-04-15,DG5B,PRZ,Day,S13,4,70-450,10% formalin,Yes,,
DG5C_M10_S14_1_5_Diogenicthys laternatus,5,1,Myctophidae,Diogenicthys laternatus,2021-10-04,DG5C,PRZ,Night,S14,1,1000-1500,ETOH 100,Yes,,
DG5B_M10_S1_3_49_Diogenicthys laternatus,49,25,Myctophidae,Diogenicthys laternatus,2021-03-17,DG5B,PRZ,Day,S1,3,450-700,ETOH 100,Yes,,
DG5C_M10_S14_5_68_Diogenicthys laternatus,68,33,Myctophidae,Diogenicthys laternatus,2021-10-04,DG5C,PRZ,Night,S14,5,0-70,ETOH 100,Yes,,
DG5B_M10_S2_3_112_Diogenicthys laternatus,112,18,Myctophidae,Diogenicthys laternatus,2021-03-18,DG5B,PRZ,Day,S2,3,450-700,ETOH 100,Yes,,
DG5B_M10_S2_4_130_Diogenicthys laternatus,130,8,Myctophidae,Diogenicthys laternatus,2021-03-18,DG5B,PRZ,Day,S2,4,70-450,ETOH 100,Yes,,
DG5C_M10_S16_5_200_Diogenicthys laternatus,200,20,Myctophidae,Diogenicthys laternatus,2021-10-06,DG5C,PRZ,Night,S16,5,0-70,ETOH 100,Yes,,
DG5B_M10_S3_5_204_Diogenicthys laternatus,204,5,Myctophidae,Diogenicthys laternatus,2021-03-21,DG5B,PRZ,Night,S3,5,0-70,ETOH 100,Yes,,
DG5C_M10_S17_3_247_Diogenicthys laternatus,247,3,Myctophidae,Diogenicthys laternatus,2021-10-09,DG5C,PRZ,Day,S17,3,450-700,ETOH 100,Yes,,
DG5C_M10_S17_4_251_Diogenicthys laternatus,251,8,Myctophidae,Diogenicthys laternatus,2021-10-09,DG5C,PRZ,Day,S17,4,70-450,ETOH 100,Yes,,
DG5B_M10_S6_1_361_Diogenicthys laternatus,361,1,Myctophidae,Diogenicthys laternatus,2021-03-27,DG5B,PRZ,Day,S6,1,1000-1500,ETOH 100,Yes,,
DG5B_M10_S6_4_407_Diogenicthys laternatus,407,3,Myctophidae,Diogenicthys laternatus,2021-03-27,DG5B,PRZ,Day,S6,4,70-450,ETOH 100,Yes,,
DG5C_M10_S22_2_504_Idiacanthus antrostomus,504,12,Stomiidae,Idiacanthus antrostomus,2021-10-15,DG5C,CTA,Day,S22,2,700-1000,10% formalin,No,,
DG5C_M10_S22_3_523_Idiacanthus antrostomus,523,4,Stomiidae,Idiacanthus antrostomus,2021-10-15,DG5C,CTA,Day,S22,3,450-700,10% formalin,No,,
DG5C_M10_S23_2_576_Idiacanthus antrostomus,576,10,Stomiidae,Idiacanthus antrostomus,2021-10-16,DG5C,CTA,Day,S23,2,700-1000,10% formalin,No,,
DG5B_M10_S9_4_604_Idiacanthus antrostomus,604,1,Stomiidae,Idiacanthus antrostomus,2021-04-03,DG5B,CTA,Night,S9,4,70-450,10% formalin,No,,
DG5B_M10_S9_5_620_Idiacanthus antrostomus,620,2,Stomiidae,Idiacanthus antrostomus,2021-04-03,DG5B,CTA,Night,S9,5,0-70,10% formalin,No,,
DG5B_M10_S10_3_667_Idiacanthus antrostomus,667,1,Stomiidae,Idiacanthus antrostomus,2021-04-07,DG5B,CTA,Day,S10,3,450-700,10% formalin,No,,
DG5C_M10_S25_2_714_Idiacanthus antrostomus,714,7,Stomiidae,Idiacanthus antrostomus,2021-10-18,DG5C,CTA,Night,S25,2,700-1000,10% formalin,No,,
DG5C_M10_S25_3_724_Idiacanthus antrostomus,724,1,Stomiidae,Idiacanthus antrostomus,2021-10-18,DG5C,CTA,Night,S25,3,450-700,10% formalin,No,,
DG5B_M10_S11_3_733_Idiacanthus antrostomus,733,5,Stomiidae,Idiacanthus antrostomus,2021-04-08,DG5B,CTA,Day,S11,3,450-700,10% formalin,No,,
DG5C_M10_S25_4_735_Idiacanthus antrostomus,735,1,Stomiidae,Idiacanthus antrostomus,2021-10-18,DG5C,CTA,Night,S25,4,70-450,10% formalin,No,,
DG5C_M10_S27_2_810_Idiacanthus antrostomus,810,7,Stomiidae,Idiacanthus antrostomus,2021-10-19,DG5C,CTA,Night,S27,2,700-1000,10% formalin,No,,
DG5C_M10_S20_2_442_Idiacanthus antrostomus,442,5,Stomiidae,Idiacanthus antrostomus,2021-10-14,DG5C,CTA,Day,S20,2,700-1000,ETOH 100,No,,
DG5B_M10_S7_2_443_Idiacanthus antrostomus,443,3,Stomiidae,Idiacanthus antrostomus,2021-03-31,DG5B,CTA,Night,S7,2,700-1000,ETOH 100,No,,
DG5C_M10_S24_2_635_Idiacanthus antrostomus,635,5,Stomiidae,Idiacanthus antrostomus,2021-10-17,DG5C,CTA,Night,S24,2,700-1000,ETOH 100,No,,
DG5C_M10_S24_3_657_Idiacanthus antrostomus,657,1,Stomiidae,Idiacanthus antrostomus,2021-10-17,DG5C,CTA,Night,S24,3,450-700,ETOH 100,No,,
DG5C_M10_S15_5_126_Idiacanthus antrostomus,126,11,Stomiidae,Idiacanthus antrostomus,2021-10-05,DG5C,PRZ,Night,S15,5,0-70,10% formalin,No,,
DG5C_M10_S16_1_144_Idiacanthus antrostomus,144,1,Stomiidae,Idiacanthus antrostomus,2021-10-06,DG5C,PRZ,Night,S16,1,1000-1500,10% formalin,No,,
DG5C_M10_S16_2_166_Idiacanthus antrostomus,166,2,Stomiidae,Idiacanthus antrostomus,2021-10-06,DG5C,PRZ,Night,S16,2,700-1000,10% formalin,CD,,
DG5C_M10_S16_4_191_Idiacanthus antrostomus,191,5,Stomiidae,Idiacanthus antrostomus,2021-10-06,DG5C,PRZ,Night,S16,4,70-450,10% formalin,No,,
DG5C_M10_S16_5_199_Idiacanthus antrostomus,199,4,Stomiidae,Idiacanthus antrostomus,2021-10-06,DG5C,PRZ,Night,S16,5,0-70,10% formalin,No,,
DG5C_M10_S18_2_301_Idiacanthus antrostomus,301,1,Stomiidae,Idiacanthus antrostomus,2021-10-10,DG5C,PRZ,Day,S18,2,700-1000,10% formalin,No,,
DG5C_M10_S19_2_356_Idiacanthus antrostomus,356,5,Stomiidae,Idiacanthus antrostomus,2021-10-11,DG5C,PRZ,Day,S19,2,700-1000,10% formalin,No,,
DG5C_M10_S19_4_385_Idiacanthus antrostomus,385,1,Stomiidae,Idiacanthus antrostomus,2021-10-11,DG5C,PRZ,Day,S19,4,70-450,10% formalin,No,,
DG5B_M10_S6_2_388_Idiacanthus antrostomus,388,5,Stomiidae,Idiacanthus antrostomus,2021-03-27,DG5B,PRZ,Day,S6,2,700-1000,10% formalin,No,,
DG5B_M10_S13_2_869_Idiacanthus antrostomus,869,1,Stomiidae,Idiacanthus antrostomus,2021-04-15,DG5B,PRZ,Day,S13,2,700-1000,10% formalin,No,,
DG5B_M10_S13_4_892_Idiacanthus antrostomus,892,4,Stomiidae,Idiacanthus antrostomus,2021-04-15,DG5B,PRZ,Day,S13,4,70-450,10% formalin,No,,
DG5C_M10_S14_2_41_Idiacanthus antrostomus,41,2,Stomiidae,Idiacanthus antrostomus,2021-10-04,DG5C,PRZ,Night,S14,2,700-1000,ETOH 100,No,,
DG5B_M10_S1_3_42_Idiacanthus antrostomus,42,4,Stomiidae,Idiacanthus antrostomus,2021-03-17,DG5B,PRZ,Day,S1,3,450-700,ETOH 100,No,,
DG5C_M10_S14_4_53_Idiacanthus antrostomus,53,3,Stomiidae,Idiacanthus antrostomus,2021-10-04,DG5C,PRZ,Night,S14,4,70-450,ETOH 100,No,,
DG5C_M10_S14_5_64_Idiacanthus antrostomus,64,28,Stomiidae,Idiacanthus antrostomus,2021-10-04,DG5C,PRZ,Night,S14,5,0-70,ETOH 100,No,,
DG5B_M10_S2_3_120_Idiacanthus antrostomus,120,1,Stomiidae,Idiacanthus antrostomus,2021-03-18,DG5B,PRZ,Day,S2,3,450-700,ETOH 100,No,,
DG5B_M10_S3_2_171_Idiacanthus antrostomus,171,2,Stomiidae,Idiacanthus antrostomus,2021-03-21,DG5B,PRZ,Night,S3,2,700-1000,ETOH 100,No,,
DG5B_M10_S3_3_174_Idiacanthus antrostomus,174,1,Stomiidae,Idiacanthus antrostomus,2021-03-21,DG5B,PRZ,Night,S3,3,450-700,ETOH 100,No,,
DG5B_M10_S3_4_191_Idiacanthus antrostomus,191,1,Stomiidae,Idiacanthus antrostomus,2021-03-21,DG5B,PRZ,Night,S3,4,70-450,ETOH 100,No,,
DG5C_M10_S17_2_236_Idiacanthus antrostomus,236,3,Stomiidae,Idiacanthus antrostomus,2021-10-09,DG5C,PRZ,Day,S17,2,700-1000,ETOH 100,No,,
DG5C_M10_S17_3_242_Idiacanthus antrostomus,242,3,Stomiidae,Idiacanthus antrostomus,2021-10-09,DG5C,PRZ,Day,S17,3,450-700,ETOH 100,No,,
DG5C_M10_S17_4_253_Idiacanthus antrostomus,253,1,Stomiidae,Idiacanthus antrostomus,2021-10-09,DG5C,PRZ,Day,S17,4,70-450,ETOH 100,No,,
DG5C_M10_S19_3_368_Idiacanthus antrostomus,368,4,Stomiidae,Idiacanthus antrostomus,2021-10-11,DG5C,PRZ,Day,S19,3,450-700,,No,,
DG5C_M10_S22_2_493_Lampanyctus parvicauda,493,2,Myctophidae,Lampanyctus parvicauda,2021-10-15,DG5C,CTA,Day,S22,2,700-1000,10% formalin,Yes,,
DG5B_M10_S8_4_537_Lampanyctus parvicauda,537,1,Myctophidae,Lampanyctus parvicauda,2021-04-02,DG5B,CTA,Night,S8,4,70-450,10% formalin,Yes,,
DG5C_M10_S23_1_545_Lampanyctus parvicauda,545,20,Myctophidae,Lampanyctus parvicauda,2021-10-16,DG5C,CTA,Day,S23,1,1000-1500,10% formalin,Yes,,5
DG5C_M10_S23_2_570_Lampanyctus parvicauda,570,3,Myctophidae,Lampanyctus parvicauda,2021-10-16,DG5C,CTA,Day,S23,2,700-1000,10% formalin,Yes,,2
DG5B_M10_S9_5_617_Lampanyctus parvicauda,617,2,Myctophidae,Lampanyctus parvicauda,2021-04-03,DG5B,CTA,Night,S9,5,0-70,10% formalin,Yes,,
DG5B_M10_S10_3_670_Lampanyctus parvicauda,670,2,Myctophidae,Lampanyctus parvicauda,2021-04-07,DG5B,CTA,Day,S10,3,450-700,10% formalin,CD,,1
DG5C_M10_S25_1_683_Lampanyctus parvicauda,683,12,Myctophidae,Lampanyctus parvicauda,2021-10-18,DG5C,CTA,Night,S25,1,1000-1500,10% formalin,Yes,,3
DG5C_M10_S25_2_710_Lampanyctus parvicauda,710,2,Myctophidae,Lampanyctus parvicauda,2021-10-18,DG5C,CTA,Night,S25,2,700-1000,10% formalin,Yes,,
DG5C_M10_S25_5_741_Lampanyctus parvicauda,741,1,Myctophidae,Lampanyctus parvicauda,2021-10-18,DG5C,CTA,Night,S25,5,0-70,10% formalin,Yes,,
DG5C_M10_S27_1_777_Lampanyctus parvicauda,777,12,Myctophidae,Lampanyctus parvicauda,2021-10-19,DG5C,CTA,Night,S27,1,1000-1500,10% formalin,Yes,,3
DG5B_M10_S12_3_803_Lampanyctus parvicauda,803,3,Myctophidae,Lampanyctus parvicauda,2021-04-09,DG5B,CTA,Day,S12,3,450-700,10% formalin,Yes,,1
DG5C_M10_S20_1_407_Lampanyctus parvicauda,407,14,Myctophidae,Lampanyctus parvicauda,2021-10-14,DG5C,CTA,Day,S20,1,1000-1500,ETOH 100,Yes,,
DG5C_M10_S20_2_422_Lampanyctus parvicauda,422,11,Myctophidae,Lampanyctus parvicauda,2021-10-14,DG5C,CTA,Day,S20,2,700-1000,ETOH 100,Yes,,
DG5B_M10_S7_1_429_Lampanyctus parvicauda,429,1,Myctophidae,Lampanyctus parvicauda,2021-03-31,DG5B,CTA,Night,S7,1,1000-1500,ETOH 100,Yes,,
DG5B_M10_S7_2_439_Lampanyctus parvicauda,439,1,Myctophidae,Lampanyctus parvicauda,2021-03-31,DG5B,CTA,Night,S7,2,700-1000,ETOH 100,Yes,,
DG5C_M10_S22_1_475_Lampanyctus parvicauda,475,17,Myctophidae,Lampanyctus parvicauda,2021-10-15,DG5C,CTA,Day,S22,1,1000-1500,ETOH 100,Yes,,
DG5B_M10_S8_2_522_Lampanyctus parvicauda,522,1,Myctophidae,Lampanyctus parvicauda,2021-04-02,DG5B,CTA,Night,S8,2,700-1000,ETOH 100,Yes,,
DG5B_M10_S9_2_581_Lampanyctus parvicauda,581,2,Myctophidae,Lampanyctus parvicauda,2021-04-03,DG5B,CTA,Night,S9,2,700-1000,ETOH 100,Yes,,
DG5C_M10_S24_1_623_Lampanyctus parvicauda,623,5,Myctophidae,Lampanyctus parvicauda,2021-10-17,DG5C,CTA,Night,S24,1,1000-1500,ETOH 100,Yes,,
DG5C_M10_S24_2_634_Lampanyctus parvicauda,634,1,Myctophidae,Lampanyctus parvicauda,2021-10-17,DG5C,CTA,Night,S24,2,700-1000,ETOH 100,CD,,
DG5B_M10_S11_3_729_Lampanyctus parvicauda,729,4,Myctophidae,Lampanyctus parvicauda,2021-04-08,DG5B,CTA,Day,S11,3,450-700,ETOH 100,Yes,,
DG5C_M10_S15_5_121_Lampanyctus parvicauda,121,4,Myctophidae,Lampanyctus parvicauda,2021-10-05,DG5C,PRZ,Night,S15,5,0-70,10% formalin,Yes,,1
DG5C_M10_S16_1_143_Lampanyctus parvicauda,143,2,Myctophidae,Lampanyctus parvicauda,2021-10-06,DG5C,PRZ,Night,S16,1,1000-1500,10% formalin,Yes,,
DG5C_M10_S16_2_164_Lampanyctus parvicauda,164,1,Myctophidae,Lampanyctus parvicauda,2021-10-06,DG5C,PRZ,Night,S16,2,700-1000,10% formalin,Yes,,
DG5B_M10_S5_1_287_Lampanyctus parvicauda,287,1,Myctophidae,Lampanyctus parvicauda,2021-03-24,DG5B,PRZ,Night,S5,1,1000-1500,10% formalin,Yes,,
DG5C_M10_S18_2_291_Lampanyctus parvicauda,291,1,Myctophidae,Lampanyctus parvicauda,2021-10-10,DG5C,PRZ,Day,S18,2,700-1000,10% formalin,Yes,,
DG5C_M10_S19_3_372_Lampanyctus parvicauda,372,1,Myctophidae,Lampanyctus parvicauda,2021-10-11,DG5C,PRZ,Day,S19,3,450-700,10% formalin,Yes,,
DG5B_M10_S13_1_841_Lampanyctus parvicauda,841,8,Myctophidae,Lampanyctus parvicauda,2021-04-15,DG5B,PRZ,Day,S13,1,1000-1500,10% formalin,Yes,,2
DG5B_M10_S13_3_880_Lampanyctus parvicauda,880,4,Myctophidae,Lampanyctus parvicauda,2021-04-15,DG5B,PRZ,Day,S13,3,450-700,10% formalin,Yes,,1
DG5B_M10_S1_1_2_Lampanyctus parvicauda,2,1,Myctophidae,Lampanyctus parvicauda,2021-03-17,DG5B,PRZ,Day,S1,1,1000-1500,ETOH 100,Yes,,
DG5C_M10_S14_1_5_Lampanyctus parvicauda,5,2,Myctophidae,Lampanyctus parvicauda,2021-10-04,DG5C,PRZ,Night,S14,1,1000-1500,ETOH 100,Yes,,
DG5C_M10_S14_4_50_Lampanyctus parvicauda,50,1,Myctophidae,Lampanyctus parvicauda,2021-10-04,DG5C,PRZ,Night,S14,4,70-450,ETOH 100,Yes,,
DG5C_M10_S14_5_68_Lampanyctus parvicauda,68,16,Myctophidae,Lampanyctus parvicauda,2021-10-04,DG5C,PRZ,Night,S14,5,0-70,ETOH 100,Yes,,
DG5B_M10_S2_1_78_Lampanyctus parvicauda,78,2,Myctophidae,Lampanyctus parvicauda,2021-03-18,DG5B,PRZ,Day,S2,1,1000-1500,ETOH 100,Yes,,
DG5B_M10_S3_3_187_Lampanyctus parvicauda,187,2,Myctophidae,Lampanyctus parvicauda,2021-03-21,DG5B,PRZ,Night,S3,3,450-700,ETOH 100,Yes,,
DG5C_M10_S16_5_200_Lampanyctus parvicauda,200,1,Myctophidae,Lampanyctus parvicauda,2021-10-06,DG5C,PRZ,Night,S16,5,0-70,ETOH 100,Yes,,
DG5B_M10_S4_1_214_Lampanyctus parvicauda,214,1,Myctophidae,Lampanyctus parvicauda,2021-03-23,DG5B,PRZ,Night,S4,1,1000-1500,ETOH 100,Yes,,
DG5C_M10_S17_2_222_Lampanyctus parvicauda,222,2,Myctophidae,Lampanyctus parvicauda,2021-10-09,DG5C,PRZ,Day,S17,2,700-1000,ETOH 100,Yes,,
DG5B_M10_S4_2_237_Lampanyctus parvicauda,237,1,Myctophidae,Lampanyctus parvicauda,2021-03-23,DG5B,PRZ,Night,S4,2,700-1000,ETOH 100,Yes,,
DG5C_M10_S17_3_247_Lampanyctus parvicauda,247,3,Myctophidae,Lampanyctus parvicauda,2021-10-09,DG5C,PRZ,Day,S17,3,450-700,ETOH 100,Yes,,
DG5C_M10_S19_2_359_Lampanyctus parvicauda,359,2,Myctophidae,Lampanyctus parvicauda,2021-10-11,DG5C,PRZ,Day,S19,2,700-1000,ETOH 100,Yes,,
DG5B_M10_S6_1_361_Lampanyctus parvicauda,361,3,Myctophidae,Lampanyctus parvicauda,2021-03-27,DG5B,PRZ,Day,S6,1,1000-1500,ETOH 100,Yes,,
DG5C_M10_S22_2_488_Scopelengys tristis,488,2,Neoscopelidae,Scopelengys tristis,2021-10-14,DG5C,CTA,Day,S22,2,700-1000,10% formalin,No,,
DG5B_M10_S8_2_505_Scopelengys tristis,505,3,Neoscopelidae,Scopelengys tristis,2021-04-02,DG5B,CTA,Night,S8,2,700-1000,10% formalin,No,,
DG5C_M10_S23_2_558_Scopelengys tristis,558,2,Neoscopelidae,Scopelengys tristis,2021-10-16,DG5C,CTA,Day,S23,2,700-1000,10% formalin,No,,
DG5B_M10_S9_2_573_Scopelengys tristis,573,4,Neoscopelidae,Scopelengys tristis,2021-04-03,DG5B,CTA,Night,S9,2,700-1000,10% formalin,No,,
DG5B_M10_S10_2_644_Scopelengys tristis,644,6,Neoscopelidae,Scopelengys tristis,2021-04-07,DG5B,CTA,Day,S10,2,700-1000,10% formalin,No,,
DG5C_M10_S25_2_696_Scopelengys tristis,696,1,Neoscopelidae,Scopelengys tristis,2021-10-18,DG5C,CTA,Night,S25,2,700-1000,10% formalin,No,,
DG5B_M10_S11_2_713_Scopelengys tristis,713,1,Neoscopelidae,Scopelengys tristis,2021-04-08,DG5B,CTA,Day,S11,2,700-1000,10% formalin,No,,
DG5C_M10_S25_3_723_Scopelengys tristis,723,2,Neoscopelidae,Scopelengys tristis,2021-10-18,DG5C,CTA,Night,S25,3,450-700,10% formalin,No,,
DG5B_M10_S12_2_779_Scopelengys tristis,779,2,Neoscopelidae,Scopelengys tristis,2021-04-09,DG5B,CTA,Day,S12,2,700-1000,10% formalin,No,,
DG5C_M10_S27_2_791_Scopelengys tristis,791,2,Neoscopelidae,Scopelengys tristis,2021-10-19,DG5C,CTA,Night,S27,2,700-1000,10% formalin,No,,
DG5B_M10_S7_2_437_Scopelengys tristis,437,6,Neoscopelidae,Scopelengys tristis,2021-03-31,DG5B,CTA,Night,S7,2,700-1000,ETOH 100,No,,
DG5C_M10_S22_3_511_Scopelengys tristis,511,1,Neoscopelidae,Scopelengys tristis,2021-10-15,DG5C,CTA,Day,S22,3,450-700,ETOH 100,No,,
DG5C_M10_S23_3_585_Scopelengys tristis,585,1,Neoscopelidae,Scopelengys tristis,2021-10-16,DG5C,CTA,Day,S23,3,450-700,ETOH 100,No,,
DG5B_M10_S9_3_596_Scopelengys tristis,596,1,Neoscopelidae,Scopelengys tristis,2021-04-03,DG5B,CTA,Night,S9,3,450-700,ETOH 100,No,,
DG5C_M10_S24_2_627_Scopelengys tristis,627,1,Neoscopelidae,Scopelengys tristis,2021-10-17,DG5C,CTA,Night,S24,2,700-1000,ETOH 100,No,,
DG5C_M10_S24_3_648_Scopelengys tristis,648,6,Neoscopelidae,Scopelengys tristis,2021-10-17,DG5C,CTA,Night,S24,3,450-700,ETOH 100,No,,
DG5C_M10_S27_3_814_Scopelengys tristis,814,1,Neoscopelidae,Scopelengys tristis,2021-10-19,DG5C,CTA,Night,S27,3,450-700,ETOH 100,No,,
DG5C_M10_S15_2_88_Scopelengys tristis,88,1,Neoscopelidae,Scopelengys tristis,2021-10-05,DG5C,PRZ,Night,S15,2,700-1000,10% formalin,No,,
DG5B_M10_S2_3_115_Scopelengys tristis,115,2,Neoscopelidae,Scopelengys tristis,2021-03-18,DG5B,PRZ,Day,S2,3,450-700,10% formalin,No,,
DG5C_M10_S16_2_150_Scopelengys tristis,150,3,Neoscopelidae,Scopelengys tristis,2021-10-06,DG5C,PRZ,Night,S16,2,700-1000,10% formalin,No,,
DG5B_M10_S4_2_227_Scopelengys tristis,227,1,Neoscopelidae,Scopelengys tristis,2021-03-23,DG5B,PRZ,Night,S4,2,700-1000,10% formalin,No,,
DG5B_M10_S5_2_317_Scopelengys tristis,317,3,Neoscopelidae,Scopelengys tristis,2021-03-24,DG5B,PRZ,Night,S5,2,700-1000,10% formalin,No,,
DG5B_M10_S6_2_373_Scopelengys tristis,373,2,Neoscopelidae,Scopelengys tristis,2021-03-27,DG5B,PRZ,Day,S6,2,700-1000,10% formalin,No,,
DG5B_M10_S13_2_855_Scopelengys tristis,855,2,Neoscopelidae,Scopelengys tristis,2021-04-15,DG5B,PRZ,Day,S13,2,700-1000,10% formalin,No,,
DG5C_M10_S14_2_23_Scopelengys tristis,23,6,Neoscopelidae,Scopelengys tristis,2021-10-04,DG5C,PRZ,Night,S14,2,700-1000,ETOH 100,No,,
DG5B_M10_S1_3_39_Scopelengys tristis,39,7,Neoscopelidae,Scopelengys tristis,2021-03-17,DG5B,PRZ,Day,S1,3,450-700,ETOH 100,No,,
DG5C_M10_S17_2_221_Scopelengys tristis,221,6,Neoscopelidae,Scopelengys tristis,2021-10-09,DG5C,PRZ,Day,S17,2,700-1000,ETOH 100,No,,
DG5C_M10_S17_3_244_Scopelengys tristis,244,1,Neoscopelidae,Scopelengys tristis,2021-10-09,DG5C,PRZ,Day,S17,3,450-700,ETOH 100,No,,
DG5C_M10_S18_2_289_Scopelengys tristis,289,2,Neoscopelidae,Scopelengys tristis,2021-10-10,DG5C,PRZ,Day,S18,2,700-1000,ETOH 100,No,,
DG5C_M10_S18_5_322_Scopelengys tristis,322,1,Neoscopelidae,Scopelengys tristis,2021-10-10,DG5C,PRZ,Day,S18,5,0-70,ETOH 100,No,,
DG5C_M10_S19_2_352_Scopelengys tristis,352,1,Neoscopelidae,Scopelengys tristis,2021-10-11,DG5C,PRZ,Day,S19,2,700-1000,ETOH 100,No,,
DG5B_M10_S8_1_493_Scopeloberyx malayanus,493,1,Melamphaidae,Scopeloberyx malayanus,2021-04-02,DG5B,CTA,Night,S8,1,1000-1500,10% formalin,No,,
DG5B_M10_S8_2_506_Scopeloberyx malayanus,506,3,Melamphaidae,Scopeloberyx malayanus,2021-04-02,DG5B,CTA,Night,S8,2,700-1000,10% formalin,No,,
DG5B_M10_S9_1_559_Scopeloberyx malayanus,559,2,Melamphaidae,Scopeloberyx malayanus,2021-04-03,DG5B,CTA,Night,S9,1,1000-1500,10% formalin,No,,
DG5B_M10_S9_1_559_Scopeloberyx malayanus,559,1,Melamphaidae,Scopeloberyx malayanus,2021-04-03,DG5B,CTA,Night,S9,1,1000-1500,10% formalin,No,,
DG5B_M10_S10_1_628_Scopeloberyx malayanus,628,3,Melamphaidae,Scopeloberyx malayanus,2021-04-07,DG5B,CTA,Day,S10,1,1000-1500,10% formalin,No,,1
DG5B_M10_S11_1_694_Scopeloberyx malayanus,694,3,Melamphaidae,Scopeloberyx malayanus,2021-04-08,DG5B,CTA,Day,S11,1,1000-1500,10% formalin,No,,1
DG5B_M10_S12_1_766_Scopeloberyx malayanus,766,3,Melamphaidae,Scopeloberyx malayanus,2021-04-09,DG5B,CTA,Day,S12,1,1000-1500,10% formalin,No,,1
DG5B_M10_S12_2_785_Scopeloberyx malayanus,785,3,Melamphaidae,Scopeloberyx malayanus,2021-04-09,DG5B,CTA,Day,S12,2,700-1000,10% formalin,No,,1
DG5C_M10_S20_1_408_Scopeloberyx malayanus,408,2,Melamphaidae,Scopeloberyx malayanus,2021-10-14,DG5C,CTA,Day,S20,1,1000-1500,ETOH 100,No,,
DG5B_M10_S7_1_424_Scopeloberyx malayanus,424,1,Melamphaidae,Scopeloberyx malayanus,2021-03-31,DG5B,CTA,Night,S7,1,1000-1500,ETOH 100,CD,,
DG5C_M10_S20_2_431_Scopeloberyx malayanus,431,6,Melamphaidae,Scopeloberyx malayanus,2021-10-14,DG5C,CTA,Day,S20,2,700-1000,ETOH 100,No,,
DG5B_M10_S7_2_441_Scopeloberyx malayanus,441,1,Melamphaidae,Scopeloberyx malayanus,2021-03-31,DG5B,CTA,Night,S7,2,700-1000,ETOH 100,No,,
DG5C_M10_S22_2_499_Scopeloberyx malayanus,499,6,Melamphaidae,Scopeloberyx malayanus,2021-10-15,DG5C,CTA,Day,S22,2,700-1000,ETOH 100,No,,
DG5C_M10_S23_1_546_Scopeloberyx malayanus,546,2,Melamphaidae,Scopeloberyx malayanus,2021-10-16,DG5C,CTA,Day,S23,1,1000-1500,ETOH 100,No,,
DG5C_M10_S23_2_574_Scopeloberyx malayanus,574,8,Melamphaidae,Scopeloberyx malayanus,2021-10-16,DG5C,CTA,Day,S23,2,700-1000,ETOH 100,No,,
DG5C_M10_S24_1_609_Scopeloberyx malayanus,609,2,Melamphaidae,Scopeloberyx malayanus,2021-10-17,DG5C,CTA,Night,S24,1,1000-1500,ETOH 100,CD,,
DG5C_M10_S24_2_639_Scopeloberyx malayanus,639,31,Melamphaidae,Scopeloberyx malayanus,2021-10-17,DG5C,CTA,Night,S24,2,700-1000,ETOH 100,Maybe,,
DG5C_M10_S25_1_692_Scopeloberyx malayanus,692,1,Melamphaidae,Scopeloberyx malayanus,2021-10-18,DG5C,CTA,Night,S25,1,1000-1500,ETOH 100,Yes,,
DG5C_M10_S25_2_703_Scopeloberyx malayanus,703,14,Melamphaidae,Scopeloberyx malayanus,2021-10-18,DG5C,CTA,Night,S25,2,700-1000,ETOH 100,CD,,
DG5C_M10_S27_1_781_Scopeloberyx malayanus,781,1,Melamphaidae,Scopeloberyx malayanus,2021-10-19,DG5C,CTA,Night,S27,1,1000-1500,ETOH 100,CD,,
DG5C_M10_S27_2_792_Scopeloberyx malayanus,792,1,Melamphaidae,Scopeloberyx malayanus,2021-10-19,DG5C,CTA,Night,S27,2,700-1000,ETOH 100,Yes,,
DG5B_M10_S1_1_3_Scopeloberyx malayanus,3,1,Melamphaidae,Scopeloberyx malayanus,2021-03-17,DG5B,PRZ,Day,S1,1,1000-1500,10% formalin,OMZ,,3
DG5B_M10_S1_1_3_Scopeloberyx malayanus,3,13,Melamphaidae,Scopeloberyx malayanus,2021-03-17,DG5B,PRZ,Day,S1,1,1000-1500,10% formalin,No,,
DG5B_M10_S1_2_26_Scopeloberyx malayanus,26,1,Melamphaidae,Scopeloberyx malayanus,2021-03-17,DG5B,PRZ,Day,S1,2,700-1000,10% formalin,No,,
DG5B_M10_S3_2_159_Scopeloberyx malayanus,159,1,Melamphaidae,Scopeloberyx malayanus,2021-03-21,DG5B,PRZ,Night,S3,2,700-1000,10% formalin,No,,
DG5B_M10_S4_1_211_Scopeloberyx malayanus,211,1,Melamphaidae,Scopeloberyx malayanus,2021-03-23,DG5B,PRZ,Night,S4,1,1000-1500,10% formalin,No,,
DG5B_M10_S5_1_288_Scopeloberyx malayanus,288,1,Melamphaidae,Scopeloberyx malayanus,2021-03-24,DG5B,PRZ,Night,S5,1,1000-1500,10% formalin,No,,
DG5B_M10_S5_1_288_Scopeloberyx malayanus,288,1,Melamphaidae,Scopeloberyx malayanus,2021-03-24,DG5B,PRZ,Night,S5,1,1000-1500,10% formalin,No,,
DG5B_M10_S5_2_316_Scopeloberyx malayanus,316,2,Melamphaidae,Scopeloberyx malayanus,2021-03-24,DG5B,PRZ,Night,S5,2,700-1000,10% formalin,No,,
DG5B_M10_S6_1_359_Scopeloberyx malayanus,359,6,Melamphaidae,Scopeloberyx malayanus,2021-03-27,DG5B,PRZ,Day,S6,1,1000-1500,10% formalin,No,,2
DG5B_M10_S6_2_374_Scopeloberyx malayanus,374,1,Melamphaidae,Scopeloberyx malayanus,2021-03-27,DG5B,PRZ,Day,S6,2,700-1000,10% formalin,No,,
DG5B_M10_S13_1_840_Scopeloberyx malayanus,840,1,Melamphaidae,Scopeloberyx malayanus,2021-04-15,DG5B,PRZ,Day,S13,1,1000-1500,10% formalin,OMZ,,
DG5B_M10_S13_2_859_Scopeloberyx malayanus,859,51,Melamphaidae,Scopeloberyx malayanus,2021-04-15,DG5B,PRZ,Day,S13,2,700-1000,10% formalin,Maybe,,1
DG5C_M10_S14_1_6_Scopeloberyx malayanus,6,9,Melamphaidae,Scopeloberyx malayanus,2021-10-04,DG5C,PRZ,Night,S14,1,1000-1500,ETOH 100,No,,
DG5B_M10_S2_1_79_Scopeloberyx malayanus,79,4,Melamphaidae,Scopeloberyx malayanus,2021-03-18,DG5B,PRZ,Day,S2,1,1000-1500,ETOH 100,No,,
DG5C_M10_S15_1_80_Scopeloberyx malayanus,80,5,Melamphaidae,Scopeloberyx malayanus,2021-10-05,DG5C,PRZ,Night,S15,1,1000-1500,ETOH 100,No,,
DG5B_M10_S2_2_102_Scopeloberyx malayanus,102,2,Melamphaidae,Scopeloberyx malayanus,2021-03-18,DG5B,PRZ,Day,S2,2,700-1000,ETOH 100,No,,
DG5C_M10_S16_1_133_Scopeloberyx malayanus,133,3,Melamphaidae,Scopeloberyx malayanus,2021-10-06,DG5C,PRZ,Night,S16,1,1000-1500,ETOH 100,No,,
DG5B_M10_S3_1_147_Scopeloberyx malayanus,147,4,Melamphaidae,Scopeloberyx malayanus,2021-03-21,DG5B,PRZ,Night,S3,1,1000-1500,ETOH 100,No,,
DG5C_M10_S17_1_215_Scopeloberyx malayanus,215,2,Melamphaidae,Scopeloberyx malayanus,2021-10-09,DG5C,PRZ,Day,S17,1,1000-1500,ETOH 100,No,,
DG5C_M10_S18_1_273_Scopeloberyx malayanus,273,2,Melamphaidae,Scopeloberyx malayanus,2021-10-10,DG5C,PRZ,Day,S18,1,1000-1500,ETOH 100,No,,
DG5C_M10_S19_1_332_Scopeloberyx malayanus,332,3,Melamphaidae,Scopeloberyx malayanus,2021-10-11,DG5C,PRZ,Day,S19,1,1000-1500,ETOH 100,No,,
DG5B_M10_S8_4_536_Scopelogadus bispinosus,536,19,Melamphaidae,Scopelogadus bispinosus,2021-04-02,DG5B,CTA,Night,S8,4,70-450,10% formalin,Maybe,,4
DG5B_M10_S9_4_597_Scopelogadus bispinosus,597,12,Melamphaidae,Scopelogadus bispinosus,2021-04-03,DG5B,CTA,Night,S9,4,70-450,10% formalin,Maybe,,2
DG5B_M10_S10_2_643_Scopelogadus bispinosus,643,3,Melamphaidae,Scopelogadus bispinosus,2021-04-07,DG5B,CTA,Day,S10,2,700-1000,10% formalin,Maybe,,
DG5B_M10_S10_3_659_Scopelogadus bispinosus,659,26,Melamphaidae,Scopelogadus bispinosus,2021-04-07,DG5B,CTA,Day,S10,3,450-700,10% formalin,Maybe,,10
DG5B_M10_S11_2_717_Scopelogadus bispinosus,717,2,Melamphaidae,Scopelogadus bispinosus,2021-04-08,DG5B,CTA,Day,S11,2,700-1000,10% formalin,Maybe,,
DG5B_M10_S12_2_785_Scopelogadus bispinosus,785,3,Melamphaidae,Scopelogadus bispinosus,2021-04-09,DG5B,CTA,Day,S12,2,700-1000,10% formalin,Maybe,,
DG5B_M10_S12_3_804_Scopelogadus bispinosus,804,19,Melamphaidae,Scopelogadus bispinosus,2021-04-09,DG5B,CTA,Day,S12,3,450-700,10% formalin,Maybe,,
DG5C_M10_S20_2_431_Scopelogadus bispinosus,431,18,Melamphaidae,Scopelogadus bispinosus,2021-10-14,DG5C,CTA,Day,S20,2,700-1000,ETOH 100,Maybe,,
DG5C_M10_S20_3_449_Scopelogadus bispinosus,449,8,Melamphaidae,Scopelogadus bispinosus,2021-10-14,DG5C,CTA,Day,S20,3,450-700,ETOH 100,Maybe,,
DG5C_M10_S20_4_461_Scopelogadus bispinosus,461,1,Melamphaidae,Scopelogadus bispinosus,2021-10-14,DG5C,CTA,Day,S20,4,70-450,ETOH 100,Maybe,,
DG5B_M10_S7_4_466_Scopelogadus bispinosus,466,1,Melamphaidae,Scopelogadus bispinosus,2021-03-31,DG5B,CTA,Night,S7,4,70-450,ETOH 100,CD,,
DG5C_M10_S22_2_499_Scopelogadus bispinosus,499,32,Melamphaidae,Scopelogadus bispinosus,2021-10-15,DG5C,CTA,Day,S22,2,700-1000,ETOH 100,Maybe,,
DG5C_M10_S22_3_519_Scopelogadus bispinosus,519,12,Melamphaidae,Scopelogadus bispinosus,2021-10-15,DG5C,CTA,Day,S22,3,450-700,ETOH 100,Maybe,,
DG5C_M10_S23_1_546_Scopelogadus bispinosus,546,1,Melamphaidae,Scopelogadus bispinosus,2021-10-16,DG5C,CTA,Day,S23,1,1000-1500,ETOH 100,Maybe,,
DG5C_M10_S23_2_574_Scopelogadus bispinosus,574,26,Melamphaidae,Scopelogadus bispinosus,2021-10-16,DG5C,CTA,Day,S23,2,700-1000,ETOH 100,Maybe,,
DG5C_M10_S23_3_588_Scopelogadus bispinosus,588,1,Melamphaidae,Scopelogadus bispinosus,2021-10-16,DG5C,CTA,Day,S23,3,450-700,ETOH 100,Yes,,
DG5C_M10_S24_1_609_Scopelogadus bispinosus,609,1,Melamphaidae,Scopelogadus bispinosus,2021-10-17,DG5C,CTA,Night,S24,1,1000-1500,ETOH 100,Maybe,,
DG5C_M10_S24_2_639_Scopelogadus bispinosus,639,27,Melamphaidae,Scopelogadus bispinosus,2021-10-17,DG5C,CTA,Night,S24,2,700-1000,ETOH 100,CD,,
DG5C_M10_S24_3_659_Scopelogadus bispinosus,659,4,Melamphaidae,Scopelogadus bispinosus,2021-10-17,DG5C,CTA,Night,S24,3,450-700,ETOH 100,Maybe,,
DG5C_M10_S24_5_677_Scopelogadus bispinosus,677,1,Melamphaidae,Scopelogadus bispinosus,2021-10-17,DG5C,CTA,Night,S24,5,0-70,ETOH 100,Maybe,,
DG5C_M10_S25_2_703_Scopelogadus bispinosus,703,21,Melamphaidae,Scopelogadus bispinosus,2021-10-18,DG5C,CTA,Night,S25,2,700-1000,ETOH 100,Maybe,,
DG5B_M10_S11_3_730_Scopelogadus bispinosus,730,11,Melamphaidae,Scopelogadus bispinosus,2021-04-08,DG5B,CTA,Day,S11,3,450-700,ETOH 100,Maybe,,
DG5C_M10_S25_4_737_Scopelogadus bispinosus,737,12,Melamphaidae,Scopelogadus bispinosus,2021-10-18,DG5C,CTA,Night,S25,4,70-450,ETOH 100,Maybe,,
DG5C_M10_S26_4_750_Scopelogadus bispinosus,750,6,Melamphaidae,Scopelogadus bispinosus,2021-10-19,DG5C,CTA,Night,S26,4,70-450,ETOH 100,Maybe,,
DG5C_M10_S27_1_781_Scopelogadus bispinosus,781,1,Melamphaidae,Scopelogadus bispinosus,2021-10-19,DG5C,CTA,Night,S27,1,1000-1500,ETOH 100,Maybe,,
DG5C_M10_S27_2_792_Scopelogadus bispinosus,792,24,Melamphaidae,Scopelogadus bispinosus,2021-10-19,DG5C,CTA,Night,S27,2,700-1000,ETOH 100,CD,,
DG5C_M10_S27_4_828_Scopelogadus bispinosus,828,5,Melamphaidae,Scopelogadus bispinosus,2021-10-19,DG5C,CTA,Night,S27,4,70-450,ETOH 100,Maybe,,
DG5C_M10_S27_5_839_Scopelogadus bispinosus,839,1,Melamphaidae,Scopelogadus bispinosus,2021-10-19,DG5C,CTA,Night,S27,5,0-70,ETOH 100,Maybe,,
DG5B_M10_S11_2_712_Scopelogadus bispinosus,712,2,Melamphaidae,Scopelogadus bispinosus,2021-04-08,DG5B,CTA,Day,S11,2,700-1000,,Maybe,,
DG5B_M10_S1_1_3_Scopelogadus bispinosus,3,1,Melamphaidae,Scopelogadus bispinosus,2021-03-17,DG5B,PRZ,Day,S1,1,1000-1500,10% formalin,Yes,,
DG5C_M10_S14_1_3_Scopelogadus bispinosus,3,1,Melamphaidae,Scopelogadus bispinosus,2021-10-04,DG5C,PRZ,Night,S14,1,1000-1500,10% formalin,Maybe,,
DG5C_M10_S15_5_123_Scopelogadus bispinosus,123,1,Melamphaidae,Scopelogadus bispinosus,2021-10-04,DG5C,PRZ,Night,S15,5,0-70,10% formalin,Maybe,,
DG5B_M10_S4_2_228_Scopelogadus bispinosus,228,4,Melamphaidae,Scopelogadus bispinosus,2021-03-23,DG5B,PRZ,Night,S4,2,700-1000,10% formalin,Maybe,,
DG5B_M10_S4_4_257_Scopelogadus bispinosus,257,5,Melamphaidae,Scopelogadus bispinosus,2021-03-23,DG5B,PRZ,Night,S4,4,70-450,10% formalin,CD,,9
DG5B_M10_S5_1_299_Scopelogadus bispinosus,299,1,Melamphaidae,Scopelogadus bispinosus,2021-03-24,DG5B,PRZ,Night,S5,1,1000-1500,10% formalin,CD,,19
DG5B_M10_S5_5_344_Scopelogadus bispinosus,344,1,Melamphaidae,Scopelogadus bispinosus,2021-03-24,DG5B,PRZ,Night,S5,5,0-70,10% formalin,Maybe,,
DG5B_M10_S6_2_374_Scopelogadus bispinosus,374,1,Melamphaidae,Scopelogadus bispinosus,2021-03-27,DG5B,PRZ,Day,S6,2,700-1000,10% formalin,Maybe,,
DG5B_M10_S6_3_393_Scopelogadus bispinosus,393,31,Melamphaidae,Scopelogadus bispinosus,2021-03-27,DG5B,PRZ,Day,S6,3,450-700,10% formalin,Maybe,,6
DG5B_M10_S13_2_859_Scopelogadus bispinosus,859,3,Melamphaidae,Scopelogadus bispinosus,2021-04-15,DG5B,PRZ,Day,S13,2,700-1000,10% formalin,CD,,
DG5B_M10_S13_3_879_Scopelogadus bispinosus,879,6,Melamphaidae,Scopelogadus bispinosus,2021-04-15,DG5B,PRZ,Day,S13,3,450-700,10% formalin,Maybe,,
DG5B_M10_S13_4_886_Scopelogadus bispinosus,886,2,Melamphaidae,Scopelogadus bispinosus,2021-04-15,DG5B,PRZ,Day,S13,4,70-450,10% formalin,Maybe,,
DG5C_M10_S14_2_24_Scopelogadus bispinosus,24,34,Melamphaidae,Scopelogadus bispinosus,2021-10-04,DG5C,PRZ,Night,S14,2,700-1000,ETOH 100,Maybe,,
DG5C_M10_S14_3_43_Scopelogadus bispinosus,43,1,Melamphaidae,Scopelogadus bispinosus,2021-10-04,DG5C,PRZ,Night,S14,3,450-700,ETOH 100,Maybe,,
DG5C_M10_S14_4_51_Scopelogadus bispinosus,51,12,Melamphaidae,Scopelogadus bispinosus,2021-10-04,DG5C,PRZ,Night,S14,4,70-450,ETOH 100,Maybe,,
DG5B_M10_S1_3_53_Scopelogadus bispinosus,53,15,Melamphaidae,Scopelogadus bispinosus,2021-03-17,DG5B,PRZ,Day,S1,3,450-700,ETOH 100,CD,,
DG5B_M10_S2_2_102_Scopelogadus bispinosus,102,1,Melamphaidae,Scopelogadus bispinosus,2021-03-18,DG5B,PRZ,Day,S2,2,700-1000,ETOH 100,Maybe,,
DG5C_M10_S15_2_103_Scopelogadus bispinosus,103,45,Melamphaidae,Scopelogadus bispinosus,2021-10-05,DG5C,PRZ,Night,S15,2,700-1000,ETOH 100,Maybe,,
DG5C_M10_S15_4_115_Scopelogadus bispinosus,115,15,Melamphaidae,Scopelogadus bispinosus,2021-10-04,DG5C,PRZ,Night,S15,4,70-450,ETOH 100,Maybe,,
DG5B_M10_S2_3_119_Scopelogadus bispinosus,119,1,Melamphaidae,Scopelogadus bispinosus,2021-03-18,DG5B,PRZ,Day,S2,3,450-700,ETOH 100,OMZ,,
DG5B_M10_S2_4_133_Scopelogadus bispinosus,133,1,Melamphaidae,Scopelogadus bispinosus,2021-03-18,DG5B,PRZ,Day,S2,4,70-450,ETOH 100,Maybe,,
DG5C_M10_S16_1_133_Scopelogadus bispinosus,133,1,Melamphaidae,Scopelogadus bispinosus,2021-10-06,DG5C,PRZ,Night,S16,1,1000-1500,ETOH 100,Maybe,,
DG5B_M10_S3_2_159_Scopelogadus bispinosus,159,7,Melamphaidae,Scopelogadus bispinosus,2021-03-21,DG5B,PRZ,Night,S3,2,700-1000,ETOH 100,Maybe,,
DG5C_M10_S16_2_162_Scopelogadus bispinosus,162,20,Melamphaidae,Scopelogadus bispinosus,2021-10-06,DG5C,PRZ,Night,S16,2,700-1000,ETOH 100,Maybe,,
DG5B_M10_S3_3_176_Scopelogadus bispinosus,176,2,Melamphaidae,Scopelogadus bispinosus,2021-03-21,DG5B,PRZ,Night,S3,3,450-700,ETOH 100,Maybe,,
DG5C_M10_S16_4_179_Scopelogadus bispinosus,179,2,Melamphaidae,Scopelogadus bispinosus,2021-10-06,DG5C,PRZ,Night,S16,4,70-450,ETOH 100,Maybe,,
DG5B_M10_S3_4_189_Scopelogadus bispinosus,189,10,Melamphaidae,Scopelogadus bispinosus,2021-03-21,DG5B,PRZ,Night,S3,4,70-450,ETOH 100,CD,,
DG5C_M10_S17_1_215_Scopelogadus bispinosus,215,1,Melamphaidae,Scopelogadus bispinosus,2021-10-09,DG5C,PRZ,Day,S17,1,1000-1500,ETOH 100,Maybe,,
DG5C_M10_S17_2_229_Scopelogadus bispinosus,229,42,Melamphaidae,Scopelogadus bispinosus,2021-10-09,DG5C,PRZ,Day,S17,2,700-1000,ETOH 100,Maybe,,
DG5C_M10_S17_3_243_Scopelogadus bispinosus,243,8,Melamphaidae,Scopelogadus bispinosus,2021-10-09,DG5C,PRZ,Day,S17,3,450-700,ETOH 100,Maybe,,
DG5C_M10_S18_1_273_Scopelogadus bispinosus,273,1,Melamphaidae,Scopelogadus bispinosus,2021-10-10,DG5C,PRZ,Day,S18,1,1000-1500,ETOH 100,Maybe,,
DG5C_M10_S18_2_302_Scopelogadus bispinosus,302,58,Melamphaidae,Scopelogadus bispinosus,2021-10-10,DG5C,PRZ,Day,S18,2,700-1000,ETOH 100,Maybe,,
DG5C_M10_S18_3_306_Scopelogadus bispinosus,306,2,Melamphaidae,Scopelogadus bispinosus,2021-10-10,DG5C,PRZ,Day,S18,3,450-700,ETOH 100,Maybe,,
DG5C_M10_S19_2_360_Scopelogadus bispinosus,360,57,Melamphaidae,Scopelogadus bispinosus,2021-10-11,DG5C,PRZ,Day,S19,2,700-1000,ETOH 100,Maybe,,
DG5C_M10_S19_3_367_Scopelogadus bispinosus,367,1,Melamphaidae,Scopelogadus bispinosus,2021-10-11,DG5C,PRZ,Day,S19,3,450-700,ETOH 100,Maybe,,
DG5C_M10_S19_5_396_Scopelogadus bispinosus,396,1,Melamphaidae,Scopelogadus bispinosus,2021-10-11,DG5C,PRZ,Day,S19,5,0-70,ETOH 100,Maybe,,
DG5B_M10_S13_5_899_Scopelogadus bispinosus,899,1,Melamphaidae,Scopelogadus bispinosus,2021-04-15,DG5B,PRZ,Day,S13,5,0-70,ETOH 100,Maybe,,
DG5C_M10_S22_4_530_Vinciguerria lucetia,530,15,Phosichthyidae,Vinciguerria lucetia,2021-10-15,DG5C,CTA,Day,S22,4,70-450,10% formalin,OMZ,,
DG5C_M10_S23_3_583_Vinciguerria lucetia,583,2,Phosichthyidae,Vinciguerria lucetia,2021-10-16,DG5C,CTA,Day,S23,3,450-700,10% formalin,OMZ,,
DG5C_M10_S23_4_595_Vinciguerria lucetia,595,7,Phosichthyidae,Vinciguerria lucetia,2021-10-16,DG5C,CTA,Day,S23,4,70-450,10% formalin,OMZ,,
DG5B_M10_S9_5_618_Vinciguerria lucetia,618,3,Phosichthyidae,Vinciguerria lucetia,2021-04-03,DG5B,CTA,Night,S9,5,0-70,10% formalin,OMZ,,
DG5B_M10_S10_4_674_Vinciguerria lucetia,674,11,Phosichthyidae,Vinciguerria lucetia,2021-04-07,DG5B,CTA,Day,S10,4,70-450,10% formalin,OMZ,,
DG5C_M10_S25_4_736_Vinciguerria lucetia,736,1,Phosichthyidae,Vinciguerria lucetia,2021-10-18,DG5C,CTA,Night,S25,4,70-450,10% formalin,OMZ,,
DG5C_M10_S25_5_742_Vinciguerria lucetia,742,7,Phosichthyidae,Vinciguerria lucetia,2021-10-18,DG5C,CTA,Night,S25,5,0-70,10% formalin,OMZ,,
DG5B_M10_S11_4_747_Vinciguerria lucetia,747,1,Phosichthyidae,Vinciguerria lucetia,2021-04-08,DG5B,CTA,Day,S11,4,70-450,10% formalin,OMZ,,
DG5B_M10_S11_4_751_Vinciguerria lucetia,751,15,Phosichthyidae,Vinciguerria lucetia,2021-04-08,DG5B,CTA,Day,S11,4,70-450,10% formalin,OMZ,,
DG5C_M10_S26_4_752_Vinciguerria lucetia,752,2,Phosichthyidae,Vinciguerria lucetia,2021-10-19,DG5C,CTA,Night,S26,4,70-450,10% formalin,OMZ,,
DG5C_M10_S26_5_762_Vinciguerria lucetia,762,17,Phosichthyidae,Vinciguerria lucetia,2021-10-19,DG5C,CTA,Night,S26,5,0-70,10% formalin,OMZ,,
DG5B_M10_S12_4_821_Vinciguerria lucetia,821,17,Phosichthyidae,Vinciguerria lucetia,2021-04-09,DG5B,CTA,Day,S12,4,70-450,10% formalin,OMZ,,
DG5C_M10_S27_3_821_Vinciguerria lucetia,821,1,Phosichthyidae,Vinciguerria lucetia,2021-10-19,DG5C,CTA,Night,S27,3,450-700,10% formalin,OMZ,,
DG5C_M10_S27_5_838_Vinciguerria lucetia,838,36,Phosichthyidae,Vinciguerria lucetia,2021-10-19,DG5C,CTA,Night,S27,5,0-70,10% formalin,OMZ,,
DG5C_M10_S20_1_413_Vinciguerria lucetia,413,1,Phosichthyidae,Vinciguerria lucetia,2021-10-14,DG5C,CTA,Day,S20,1,1000-1500,ETOH 100,OMZ,,
DG5C_M10_S20_4_458_Vinciguerria lucetia,458,34,Phosichthyidae,Vinciguerria lucetia,2021-10-14,DG5C,CTA,Day,S20,4,70-450,ETOH 100,OMZ,,
DG5B_M10_S7_4_468_Vinciguerria lucetia,468,2,Phosichthyidae,Vinciguerria lucetia,2021-03-31,DG5B,CTA,Night,S7,4,70-450,ETOH 100,OMZ,,
DG5B_M10_S7_5_487_Vinciguerria lucetia,487,1,Phosichthyidae,Vinciguerria lucetia,2021-03-31,DG5B,CTA,Night,S7,5,0-70,ETOH 100,OMZ,,
DG5B_M10_S8_5_552_Vinciguerria lucetia,552,1,Phosichthyidae,Vinciguerria lucetia,2021-04-02,DG5B,CTA,Night,S8,5,0-70,ETOH 100,OMZ,,
DG5C_M10_S23_2_562_Vinciguerria lucetia,562,1,Phosichthyidae,Vinciguerria lucetia,2021-10-16,DG5C,CTA,Day,S23,2,700-1000,ETOH 100,OMZ,,
DG5C_M10_S23_5_602_Vinciguerria lucetia,602,1,Phosichthyidae,Vinciguerria lucetia,2021-10-16,DG5C,CTA,Day,S23,5,0-70,ETOH 100,OMZ,,
DG5B_M10_S3_4_194_Vinciguerria lucetia,194,2,Phosichthyidae,Vinciguerria lucetia,2021-03-21,DG5B,PRZ,Night,S3,4,70-450,10% formalin,OMZ,,
DG5C_M10_S16_5_198_Vinciguerria lucetia,198,8,Phosichthyidae,Vinciguerria lucetia,2021-10-06,DG5C,PRZ,Night,S16,5,0-70,10% formalin,OMZ,,
DG5B_M10_S4_4_255_Vinciguerria lucetia,255,1,Phosichthyidae,Vinciguerria lucetia,2021-03-23,DG5B,PRZ,Night,S4,4,70-450,10% formalin,OMZ,,
DG5B_M10_S4_5_271_Vinciguerria lucetia,271,5,Phosichthyidae,Vinciguerria lucetia,2021-03-23,DG5B,PRZ,Night,S4,5,0-70,10% formalin,OMZ,,
DG5C_M10_S18_4_316_Vinciguerria lucetia,316,4,Phosichthyidae,Vinciguerria lucetia,2021-10-10,DG5C,PRZ,Day,S18,4,70-450,10% formalin,OMZ,,
DG5B_M10_S5_5_347_Vinciguerria lucetia,347,1,Phosichthyidae,Vinciguerria lucetia,2021-03-24,DG5B,PRZ,Night,S5,5,0-70,10% formalin,OMZ,,
DG5C_M10_S19_4_381_Vinciguerria lucetia,381,43,Phosichthyidae,Vinciguerria lucetia,2021-10-11,DG5C,PRZ,Day,S19,4,70-450,10% formalin,OMZ,,
DG5C_M10_S19_5_401_Vinciguerria lucetia,401,4,Phosichthyidae,Vinciguerria lucetia,2021-10-11,DG5C,PRZ,Day,S19,5,0-70,10% formalin,OMZ,,
DG5B_M10_S6_4_412_Vinciguerria lucetia,412,2,Phosichthyidae,Vinciguerria lucetia,2021-03-27,DG5B,PRZ,Day,S6,4,70-450,10% formalin,OMZ,,
DG5B_M10_S13_2_875_Vinciguerria lucetia,875,3,Phosichthyidae,Vinciguerria lucetia,2021-04-15,DG5B,PRZ,Day,S13,2,700-1000,10% formalin,OMZ,,
DG5B_M10_S13_4_896_Vinciguerria lucetia,896,217,Phosichthyidae,Vinciguerria lucetia,2021-04-15,DG5B,PRZ,Day,S13,4,70-450,10% formalin,OMZ,,
DG5B_M10_S1_3_52_Vinciguerria lucetia,52,7,Phosichthyidae,Vinciguerria lucetia,2021-03-17,DG5B,PRZ,Day,S1,3,450-700,ETOH 100,OMZ,,
DG5C_M10_S14_4_52_Vinciguerria lucetia,52,8,Phosichthyidae,Vinciguerria lucetia,2021-10-04,DG5C,PRZ,Night,S14,4,70-450,ETOH 100,OMZ,,
DG5C_M10_S14_5_61_Vinciguerria lucetia,61,24,Phosichthyidae,Vinciguerria lucetia,2021-10-04,DG5C,PRZ,Night,S14,5,0-70,ETOH 100,OMZ,,
DG5B_M10_S1_4_67_Vinciguerria lucetia,67,4,Phosichthyidae,Vinciguerria lucetia,2021-03-17,DG5B,PRZ,Day,S1,4,70-450,ETOH 100,OMZ,,
DG5C_M10_S15_5_127_Vinciguerria lucetia,127,10,Phosichthyidae,Vinciguerria lucetia,2021-10-05,DG5C,PRZ,Night,S15,5,0-70,ETOH 100,OMZ,,
DG5B_M10_S2_4_130_Vinciguerria lucetia,130,1,Phosichthyidae,Vinciguerria lucetia,2021-03-17,DG5B,PRZ,Day,S2,4,70-450,ETOH 100,OMZ,,
DG5C_M10_S17_4_252_Vinciguerria lucetia,252,23,Phosichthyidae,Vinciguerria lucetia,2021-10-09,DG5C,PRZ,Day,S17,4,70-450,ETOH 100,OMZ,,
DG5C_M10_S17_5_262_Vinciguerria lucetia,262,2,Phosichthyidae,Vinciguerria lucetia,2021-10-09,DG5C,PRZ,Day,S17,5,0-70,ETOH 100,OMZ,,