Variables,Values,Site,Param_means,Param_vars,Param_sd
NN,0.02,BP,0.02,NA,NA
NN,0.04,W,0.04,NA,NA
NN,0.05,BP,0.05,NA,NA
NN,0.06,BP,0.06,0,0
NN,0.07,BP,0.07,NA,NA
NN,0.08,W,0.08,0,0
NN,0.09,BP,0.09,NA,NA
NN,0.09,W,0.09,0,0
NN,0.1,BP,0.1,0,0
NN,0.1,W,0.1,0,0
NN,0.11,BP,0.11,0,0
NN,0.11,W,0.11,0,0
NN,0.12,BP,0.12,0,0
NN,0.12,W,0.12,0,0
NN,0.13,BP,0.13,0,0
NN,0.13,W,0.13,0,0
NN,0.14,BP,0.14,0,0
NN,0.14,W,0.14,0,0
NN,0.15,W,0.15,0,0
NN,0.16,BP,0.16,0,0
NN,0.16,W,0.16,0,0
NN,0.17,BP,0.17,NA,NA
NN,0.17,W,0.17,0,0
NN,0.18,BP,0.18,0,0
NN,0.18,W,0.18,0,0
NN,0.19,BP,0.19,0,0
NN,0.19,W,0.19,0,0
NN,0.2,W,0.2,0,0
NN,0.21,BP,0.21,NA,NA
NN,0.21,W,0.21,0,0
NN,0.22,W,0.22,0,0
NN,0.23,BP,0.23,0,0
NN,0.23,W,0.23,0,0
NN,0.24,BP,0.24,NA,NA
NN,0.24,W,0.24,0,0
NN,0.25,BP,0.25,0,0
NN,0.25,W,0.25,0,0
NN,0.26,BP,0.26,0,0
NN,0.26,W,0.26,0,0
NN,0.27,BP,0.27,0,0
NN,0.27,W,0.27,0,0
NN,0.28,BP,0.28,NA,NA
NN,0.28,W,0.28,0,0
NN,0.29,BP,0.29,0,0
NN,0.29,W,0.29,0,0
NN,0.3,W,0.3,0,0
NN,0.32,BP,0.32,0,0
NN,0.33,W,0.33,NA,NA
NN,0.34,W,0.34,NA,NA
NN,0.35,W,0.35,0,0
NN,0.36,BP,0.36,0,0
NN,0.36,W,0.36,NA,NA
NN,0.37,BP,0.37,0,0
NN,0.38,BP,0.38,NA,NA
NN,0.39,BP,0.39,0,0
NN,0.41,BP,0.41,0,0
NN,0.42,BP,0.42,NA,NA
NN,0.42,W,0.42,0,0
NN,0.44,BP,0.44,NA,NA
NN,0.44,W,0.44,NA,NA
NN,0.45,BP,0.45,NA,NA
NN,0.45,W,0.45,NA,NA
NN,0.46,BP,0.46,NA,NA
NN,0.46,W,0.46,NA,NA
NN,0.47,BP,0.47,NA,NA
NN,0.48,BP,0.48,NA,NA
NN,0.49,BP,0.49,NA,NA
NN,0.5,BP,0.5,NA,NA
NN,0.51,BP,0.51,0,0
NN,0.52,BP,0.52,NA,NA
NN,0.57,W,0.57,NA,NA
NN,0.62,BP,0.62,NA,NA
NN,0.63,BP,0.63,NA,NA
NN,0.64,BP,0.64,NA,NA
NN,0.65,BP,0.65,NA,NA
NN,0.68,W,0.68,NA,NA
NN,0.69,BP,0.69,NA,NA
NN,0.73,BP,0.73,NA,NA
NN,0.76,W,0.76,0,0
NN,0.79,BP,0.79,NA,NA
NN,0.79,W,0.79,NA,NA
NN,0.81,BP,0.81,NA,NA
NN,0.82,W,0.82,NA,NA
NN,0.87,BP,0.87,NA,NA
NN,0.88,BP,0.88,NA,NA
NN,0.89,BP,0.89,NA,NA
NN,0.9,BP,0.9,NA,NA
NN,0.94,BP,0.94,NA,NA
NN,0.96,BP,0.96,NA,NA
NN,1.01,W,1.01,NA,NA
NN,1.02,W,1.02,NA,NA
NN,1.08,BP,1.08,NA,NA
NN,1.12,BP,1.12,NA,NA
NN,1.14,BP,1.14,NA,NA
NN,1.17,BP,1.17,NA,NA
NN,1.19,BP,1.19,NA,NA
NN,1.2,W,1.2,NA,NA
NN,1.29,BP,1.29,NA,NA
NN,1.33,BP,1.33,NA,NA
NN,1.33,W,1.33,NA,NA
NN,1.35,BP,1.35,NA,NA
NN,1.36,W,1.36,NA,NA
NN,1.4,W,1.4,NA,NA
NN,1.43,BP,1.43,NA,NA
NN,1.55,BP,1.55,NA,NA
NN,1.59,W,1.59,NA,NA
NN,1.77,BP,1.77,NA,NA
NN,1.91,W,1.91,NA,NA
NN,1.95,BP,1.95,NA,NA
NN,2.07,BP,2.07,NA,NA
NN,2.14,W,2.14,NA,NA
NN,2.34,W,2.34,NA,NA
NN,2.43,BP,2.43,NA,NA
NN,2.45,W,2.45,NA,NA
NN,2.58,BP,2.58,NA,NA
NN,2.77,W,2.77,NA,NA
NN,3.37,BP,3.37,NA,NA
NN,3.37,W,3.37,NA,NA
NN,3.43,BP,3.43,NA,NA
NN,3.47,BP,3.47,NA,NA
NN,3.47,W,3.47,NA,NA
NN,3.48,BP,3.48,NA,NA
NN,3.57,BP,3.57,NA,NA
NN,3.78,BP,3.78,NA,NA
NN,3.87,BP,3.87,NA,NA
NN,3.9,BP,3.9,NA,NA
NN,4.08,W,4.08,NA,NA
NN,4.39,BP,4.39,NA,NA
NN,4.69,BP,4.69,NA,NA
NN,5.07,BP,5.07,NA,NA
NN,5.13,BP,5.13,NA,NA
NN,5.17,BP,5.17,NA,NA
NN,5.28,BP,5.28,NA,NA
NN,5.47,BP,5.47,NA,NA
NN,5.75,BP,5.75,0,0
NN,5.83,W,5.83,NA,NA
NN,5.9,BP,5.9,NA,NA
NN,6.15,BP,6.15,NA,NA
NN,6.17,BP,6.17,NA,NA
NN,6.22,BP,6.22,NA,NA
NN,6.44,BP,6.44,NA,NA
NN,6.73,BP,6.73,NA,NA
NN,6.75,BP,6.75,NA,NA
NN,6.82,BP,6.82,NA,NA
NN,6.98,W,6.98,NA,NA
NN,7.29,W,7.29,NA,NA
NN,7.39,W,7.39,NA,NA
NN,7.45,W,7.45,NA,NA
NN,7.68,BP,7.68,NA,NA
NN,7.79,BP,7.79,NA,NA
NN,7.92,W,7.92,NA,NA
NN,8.21,BP,8.21,NA,NA
NN,8.48,BP,8.48,NA,NA
NN,8.99,BP,8.99,NA,NA
NN,9.01,BP,9.01,NA,NA
NN,9.23,BP,9.23,NA,NA
NN,9.27,BP,9.27,NA,NA
NN,9.31,BP,9.31,NA,NA
NN,9.52,BP,9.52,NA,NA
NN,9.97,BP,9.97,NA,NA
NN,10.16,BP,10.16,NA,NA
NN,10.25,BP,10.25,NA,NA
NN,11.03,BP,11.03,NA,NA
NN,11.56,BP,11.56,NA,NA
NN,11.69,W,11.69,NA,NA
NN,18.91,BP,18.91,NA,NA
NN,25.67,BP,25.67,NA,NA
NN,30.38,BP,30.38,NA,NA
NN,32.39,BP,32.39,NA,NA
Phosphate,0.04,W,0.04,NA,NA
Phosphate,0.05,W,0.05,NA,NA
Phosphate,0.06,W,0.06,0,0
Phosphate,0.07,W,0.07,0,0
Phosphate,0.08,W,0.08,0,0
Phosphate,0.09,BP,0.09,0,0
Phosphate,0.09,W,0.09,0,0
Phosphate,0.1,BP,0.1,0,0
Phosphate,0.1,W,0.1,0,0
Phosphate,0.11,BP,0.11,0,0
Phosphate,0.11,W,0.11,0,0
Phosphate,0.12,BP,0.12,0,0
Phosphate,0.12,W,0.12,0,0
Phosphate,0.13,BP,0.13,0,0
Phosphate,0.13,W,0.13,0,0
Phosphate,0.14,BP,0.14,0,0
Phosphate,0.14,W,0.14,0,0
Phosphate,0.15,BP,0.15,0,0
Phosphate,0.15,W,0.15,0,0
Phosphate,0.16,BP,0.16,0,0
Phosphate,0.16,W,0.16,NA,NA
Phosphate,0.17,BP,0.17,0,0
Phosphate,0.17,W,0.17,NA,NA
Phosphate,0.18,BP,0.18,0,0
Phosphate,0.18,W,0.18,0,0
Phosphate,0.19,BP,0.19,0,0
Phosphate,0.19,W,0.19,0,0
Phosphate,0.2,BP,0.2,0,0
Phosphate,0.21,BP,0.21,NA,NA
Phosphate,0.21,W,0.21,0,0
Phosphate,0.22,BP,0.22,NA,NA
Phosphate,0.22,W,0.22,NA,NA
Phosphate,0.23,BP,0.23,0,0
Phosphate,0.23,W,0.23,0,0
Phosphate,0.24,BP,0.24,0,0
Phosphate,0.25,W,0.25,NA,NA
Phosphate,0.26,BP,0.26,0,0
Phosphate,0.27,BP,0.27,0,0
Phosphate,0.27,W,0.27,NA,NA
Phosphate,0.28,BP,0.28,0,0
Phosphate,0.28,W,0.28,NA,NA
Phosphate,0.29,BP,0.29,NA,NA
Phosphate,0.29,W,0.29,NA,NA
Phosphate,0.3,BP,0.3,0,0
Phosphate,0.31,BP,0.31,NA,NA
Phosphate,0.31,W,0.31,NA,NA
Phosphate,0.32,BP,0.32,NA,NA
Phosphate,0.33,BP,0.33,0,0
Phosphate,0.34,BP,0.34,0,0
Phosphate,0.35,BP,0.35,0,0
Phosphate,0.36,BP,0.36,0,0
Phosphate,0.36,W,0.36,0,0
Phosphate,0.37,BP,0.37,0,0
Phosphate,0.38,BP,0.38,NA,NA
Phosphate,0.38,W,0.38,NA,NA
Phosphate,0.41,BP,0.41,0,0
Phosphate,0.45,BP,0.45,NA,NA
Phosphate,0.46,BP,0.46,NA,NA
Phosphate,0.47,BP,0.47,NA,NA
Phosphate,0.49,W,0.49,0,0
Phosphate,0.5,W,0.5,0,0
Phosphate,0.54,W,0.54,NA,NA
Phosphate,0.56,BP,0.56,NA,NA
Phosphate,0.62,W,0.62,NA,NA
Phosphate,0.77,BP,0.77,NA,NA
Phosphate,0.82,BP,0.82,NA,NA
Phosphate,0.89,BP,0.89,NA,NA
Salinity,25.96034904,W,25.96034904,NA,NA
Salinity,27.7402879,W,27.7402879,NA,NA
Salinity,28.02024372,W,28.02024372,NA,NA
Salinity,28.02859405,W,28.02859405,NA,NA
Salinity,28.37007862,W,28.37007862,NA,NA
Salinity,29.00382403,BP,29.00382403,NA,NA
Salinity,29.12292683,W,29.12292683,NA,NA
Salinity,29.3304682,BP,29.3304682,NA,NA
Salinity,29.68899134,W,29.68899134,NA,NA
Salinity,29.98459089,BP,29.98459089,NA,NA
Salinity,30.53896708,W,30.53896708,NA,NA
Salinity,30.6119226,W,30.6119226,NA,NA
Salinity,31.16685089,BP,31.16685089,NA,NA
Salinity,31.27467514,W,31.27467514,NA,NA
Salinity,31.43383975,BP,31.43383975,NA,NA
Salinity,31.50277101,W,31.50277101,NA,NA
Salinity,31.87562286,BP,31.87562286,NA,NA
Salinity,32.10970819,W,32.10970819,NA,NA
Salinity,32.20639623,W,32.20639623,NA,NA
Salinity,32.33384864,W,32.33384864,NA,NA
Salinity,32.3602181,W,32.3602181,NA,NA
Salinity,32.37497545,BP,32.37497545,NA,NA
Salinity,32.41032009,W,32.41032009,NA,NA
Salinity,32.65990261,BP,32.65990261,NA,NA
Salinity,32.66478542,W,32.66478542,NA,NA
Salinity,32.66866318,BP,32.66866318,NA,NA
Salinity,32.68159545,BP,32.68159545,NA,NA
Salinity,32.71840333,W,32.71840333,NA,NA
Salinity,32.73165586,BP,32.73165586,NA,NA
Salinity,32.73334603,W,32.73334603,NA,NA
Salinity,32.75877192,BP,32.75877192,NA,NA
Salinity,32.82124424,W,32.82124424,NA,NA
Salinity,32.82426762,BP,32.82426762,NA,NA
Salinity,32.83761706,BP,32.83761706,NA,NA
Salinity,32.86348161,BP,32.86348161,NA,NA
Salinity,32.88767747,BP,32.88767747,NA,NA
Salinity,32.89602088,BP,32.89602088,NA,NA
Salinity,32.9473328,BP,32.9473328,NA,NA
Salinity,33.05371117,BP,33.05371117,NA,NA
Salinity,33.10043422,BP,33.10043422,NA,NA
Salinity,33.11795536,BP,33.11795536,NA,NA
Salinity,33.12097716,W,33.12097716,NA,NA
Salinity,33.1354765,BP,33.1354765,NA,NA
Salinity,33.16097084,W,33.16097084,NA,NA
Salinity,33.23476298,BP,33.23476298,NA,NA
Salinity,33.23851751,BP,33.23851751,NA,NA
Salinity,33.3515706,BP,33.3515706,NA,NA
Salinity,33.37576647,BP,33.37576647,NA,NA
Salinity,33.38995025,BP,33.38995025,NA,NA
Salinity,33.41039158,BP,33.41039158,NA,NA
Salinity,33.41498046,BP,33.41498046,NA,NA
Salinity,33.47171559,BP,33.47171559,NA,NA
Salinity,33.63107456,BP,33.63107456,NA,NA
Salinity,33.64045561,W,33.64045561,NA,NA
Salinity,33.64150381,BP,33.64150381,NA,NA
Salinity,33.64484117,BP,33.64484117,NA,NA
Salinity,33.66594609,W,33.66594609,NA,NA
Salinity,33.68196931,BP,33.68196931,NA,NA
Salinity,33.71659442,BP,33.71659442,NA,NA
Salinity,33.73670416,W,33.73670416,NA,NA
Salinity,33.73870444,BP,33.73870444,NA,NA
Salinity,33.75497407,BP,33.75497407,NA,NA
Salinity,33.76206596,BP,33.76206596,NA,NA
Salinity,33.76834751,W,33.76834751,NA,NA
Salinity,33.80420014,BP,33.80420014,NA,NA
Salinity,33.84424847,BP,33.84424847,NA,NA
Salinity,33.88137661,BP,33.88137661,NA,NA
Salinity,33.89514322,BP,33.89514322,NA,NA
Salinity,33.91074262,W,33.91074262,NA,NA
Salinity,33.95187835,BP,33.95187835,NA,NA
Salinity,33.9664793,BP,33.9664793,NA,NA
Salinity,33.99359536,BP,33.99359536,NA,NA
Salinity,34.00567269,W,34.00567269,NA,NA
Salinity,34.0201759,W,34.0201759,NA,NA
Salinity,34.02488311,BP,34.02488311,NA,NA
Salinity,34.02905481,BP,34.02905481,NA,NA
Salinity,34.06104857,W,34.06104857,NA,NA
Salinity,34.08578994,BP,34.08578994,NA,NA
Salinity,34.08620711,BP,34.08620711,NA,NA
Salinity,34.08662428,BP,34.08662428,NA,NA
Salinity,34.10080807,BP,34.10080807,NA,NA
Salinity,34.10122524,BP,34.10122524,NA,NA
Salinity,34.10539694,BP,34.10539694,NA,NA
Salinity,34.11123732,BP,34.11123732,NA,NA
Salinity,34.11499185,BP,34.11499185,NA,NA
Salinity,34.16088056,BP,34.16088056,NA,NA
Salinity,34.17548151,BP,34.17548151,NA,NA
Salinity,34.2073991,W,34.2073991,NA,NA
Salinity,34.2105238,BP,34.2105238,NA,NA
Salinity,34.21302682,BP,34.21302682,NA,NA
Salinity,34.21926536,W,34.21926536,NA,NA
Salinity,34.23763985,BP,34.23763985,NA,NA
Salinity,34.25750108,W,34.25750108,NA,NA
Salinity,34.25808119,BP,34.25808119,NA,NA
Salinity,34.25849836,BP,34.25849836,NA,NA
Salinity,34.2593327,BP,34.2593327,NA,NA
Salinity,34.2718478,BP,34.2718478,NA,NA
Salinity,34.27685384,BP,34.27685384,NA,NA
Salinity,34.2885346,BP,34.2885346,NA,NA
Salinity,34.29002342,W,34.29002342,NA,NA
Salinity,34.30063254,BP,34.30063254,NA,NA
Salinity,34.34364133,W,34.34364133,NA,NA
Salinity,34.3456869,BP,34.3456869,NA,NA
Salinity,34.34735558,BP,34.34735558,NA,NA
Salinity,34.34759675,W,34.34759675,NA,NA
Salinity,34.35155217,W,34.35155217,NA,NA
Salinity,34.3599025,W,34.3599025,NA,NA
Salinity,34.36561589,W,34.36561589,NA,NA
Salinity,34.37280296,BP,34.37280296,NA,NA
Salinity,34.38011909,W,34.38011909,NA,NA
Salinity,34.39198535,W,34.39198535,NA,NA
Salinity,34.39330382,W,34.39330382,NA,NA
Salinity,34.39366146,BP,34.39366146,NA,NA
Salinity,34.39533014,BP,34.39533014,NA,NA
Salinity,34.40534223,BP,34.40534223,NA,NA
Salinity,34.41527838,W,34.41527838,NA,NA
Salinity,34.42099176,W,34.42099176,NA,NA
Salinity,34.42582616,W,34.42582616,NA,NA
Salinity,34.42714464,W,34.42714464,NA,NA
Salinity,34.43769242,W,34.43769242,NA,NA
Salinity,34.43945039,W,34.43945039,NA,NA
Salinity,34.44252682,W,34.44252682,NA,NA
Salinity,34.4438453,W,34.4438453,NA,NA
Salinity,34.4474764,BP,34.4474764,NA,NA
Salinity,34.44831074,BP,34.44831074,NA,NA
Salinity,34.4486797,W,34.4486797,NA,NA
Salinity,34.45219563,W,34.45219563,NA,NA
Salinity,34.45966698,W,34.45966698,NA,NA
Salinity,34.46458038,BP,34.46458038,NA,NA
Salinity,34.46916925,BP,34.46916925,NA,NA
Salinity,34.47592815,W,34.47592815,NA,NA
Salinity,34.47636764,W,34.47636764,NA,NA
Salinity,34.48076255,W,34.48076255,NA,NA
Salinity,34.48427848,W,34.48427848,NA,NA
Salinity,34.48515746,W,34.48515746,NA,NA
Salinity,34.4882339,W,34.4882339,NA,NA
Salinity,34.48867339,W,34.48867339,NA,NA
Salinity,34.49526575,W,34.49526575,NA,NA
Salinity,34.49658423,W,34.49658423,NA,NA
Salinity,34.49746321,W,34.49746321,NA,NA
Salinity,34.50317659,W,34.50317659,NA,NA
Salinity,34.50361608,W,34.50361608,NA,NA
Salinity,34.50581354,W,34.50581354,NA,NA
Salinity,34.50669252,W,34.50669252,NA,NA
Salinity,34.5075715,W,34.5075715,NA,NA
Salinity,34.51005192,BP,34.51005192,NA,NA
Salinity,34.5128454,W,34.5128454,NA,NA
Salinity,34.51592183,W,34.51592183,NA,NA
Salinity,34.5176798,W,34.5176798,NA,NA
Salinity,34.5225142,W,34.5225142,NA,NA
Salinity,34.52471166,W,34.52471166,NA,NA
Salinity,34.52515115,W,34.52515115,NA,NA
Salinity,34.52603013,W,34.52603013,NA,NA
Salinity,34.52910657,W,34.52910657,NA,NA
Salinity,34.53130402,W,34.53130402,NA,NA
Salinity,34.53394097,W,34.53394097,NA,NA
Salinity,34.53466495,BP,34.53466495,NA,NA
Salinity,34.53789639,W,34.53789639,NA,NA
Salinity,34.53833588,W,34.53833588,NA,NA
Salinity,34.53965435,W,34.53965435,NA,NA
Salinity,34.54141232,W,34.54141232,0,0
Salinity,34.54175684,BP,34.54175684,NA,NA
Salinity,34.54185181,W,34.54185181,NA,NA
Salinity,34.54317028,W,34.54317028,NA,NA
Salinity,34.54404926,W,34.54404926,NA,NA
Salinity,34.5450942,BP,34.5450942,NA,NA
Salinity,34.54668621,W,34.54668621,NA,NA
Salinity,34.54888366,W,34.54888366,NA,NA
Salinity,34.54976265,W,34.54976265,NA,NA
Salinity,34.55135175,BP,34.55135175,NA,NA
Salinity,34.55327858,W,34.55327858,NA,NA
Salinity,34.55635501,W,34.55635501,NA,NA
Salinity,34.557234,W,34.557234,NA,NA
Salinity,34.56031043,W,34.56031043,NA,NA
Salinity,34.5605295,BP,34.5605295,NA,NA
Salinity,34.56074992,W,34.56074992,NA,NA
Salinity,34.56426585,W,34.56426585,NA,NA
Salinity,34.56558433,W,34.56558433,NA,NA
Salinity,34.5669028,W,34.5669028,NA,NA
Salinity,34.56845573,BP,34.56845573,NA,NA
Salinity,34.56929007,BP,34.56929007,NA,NA
Salinity,34.56953975,W,34.56953975,NA,NA
Salinity,34.57085822,W,34.57085822,NA,NA
Salinity,34.5717372,W,34.5717372,NA,NA
Salinity,34.57569262,W,34.57569262,NA,NA
Salinity,34.57613211,W,34.57613211,NA,NA
Salinity,34.5765716,W,34.5765716,NA,NA
Salinity,34.57789008,W,34.57789008,0,0
Salinity,34.57832957,W,34.57832957,0,0
Salinity,34.57888498,BP,34.57888498,NA,NA
Salinity,34.58013649,BP,34.58013649,NA,NA
Salinity,34.581406,W,34.581406,NA,NA
Salinity,34.58347385,BP,34.58347385,NA,NA
Salinity,34.58430819,BP,34.58430819,NA,NA
Salinity,34.58448244,W,34.58448244,0,0
Salinity,34.58514253,BP,34.58514253,NA,NA
Salinity,34.58536142,W,34.58536142,NA,NA
Salinity,34.58799837,W,34.58799837,NA,NA
Salinity,34.58843786,W,34.58843786,NA,NA
Salinity,34.59019583,W,34.59019583,0,0
Salinity,34.59098291,BP,34.59098291,NA,NA
Salinity,34.59107481,W,34.59107481,NA,NA
Salinity,34.5915143,W,34.5915143,0,0
Salinity,34.59195379,W,34.59195379,NA,NA
Salinity,34.59327226,W,34.59327226,NA,NA
Salinity,34.59459074,W,34.59459074,NA,NA
Salinity,34.5963487,W,34.5963487,NA,NA
Salinity,34.59678819,W,34.59678819,NA,NA
Salinity,34.59722768,W,34.59722768,NA,NA
Salinity,34.59766717,W,34.59766717,0,0
Salinity,34.59849197,BP,34.59849197,NA,NA
Salinity,34.59854616,W,34.59854616,NA,NA
Salinity,34.59890914,BP,34.59890914,NA,NA
Salinity,34.59898565,W,34.59898565,0,0
Salinity,34.59932631,BP,34.59932631,NA,NA
Salinity,34.59942514,W,34.59942514,NA,NA
Salinity,34.6011831,W,34.6011831,NA,NA
Salinity,34.60162259,W,34.60162259,NA,NA
Salinity,34.60250158,W,34.60250158,NA,NA
Salinity,34.60294107,W,34.60294107,0,0
Salinity,34.60308084,BP,34.60308084,NA,NA
Salinity,34.60382005,W,34.60382005,NA,NA
Salinity,34.60425954,W,34.60425954,NA,NA
Salinity,34.60557801,W,34.60557801,NA,NA
Salinity,34.6060175,W,34.6060175,NA,NA
Salinity,34.60683537,BP,34.60683537,NA,NA
Salinity,34.60689649,W,34.60689649,NA,NA
Salinity,34.60725254,BP,34.60725254,NA,NA
Salinity,34.60733598,W,34.60733598,NA,NA
Salinity,34.60821496,W,34.60821496,NA,NA
Salinity,34.60865445,W,34.60865445,0,0
Salinity,34.60909394,W,34.60909394,NA,NA
Salinity,34.60953343,W,34.60953343,0,0
Salinity,34.61017274,BP,34.61017274,NA,NA
Salinity,34.61041242,W,34.61041242,NA,NA
Salinity,34.61058991,BP,34.61058991,NA,NA
Salinity,34.6112914,W,34.6112914,NA,NA
Salinity,34.61142425,BP,34.61142425,0,0
Salinity,34.61173089,W,34.61173089,0,0
Salinity,34.61304936,W,34.61304936,0,0
Salinity,34.61348885,W,34.61348885,0,0
Salinity,34.61476161,BP,34.61476161,NA,NA
Salinity,34.61480733,W,34.61480733,NA,NA
Salinity,34.61559595,BP,34.61559595,0,0
Salinity,34.61643029,BP,34.61643029,NA,NA
Salinity,34.61700478,W,34.61700478,NA,NA
Salinity,34.61726463,BP,34.61726463,NA,NA
Salinity,34.61788376,W,34.61788376,NA,NA
Salinity,34.61851614,BP,34.61851614,0,0
Salinity,34.61964173,W,34.61964173,0,0
Salinity,34.61976765,BP,34.61976765,0,0
Salinity,34.62060199,BP,34.62060199,NA,NA
Salinity,34.62139969,W,34.62139969,NA,NA
Salinity,34.62352218,BP,34.62352218,NA,NA
Salinity,34.62435652,BP,34.62435652,0,0
Salinity,34.62519086,BP,34.62519086,NA,NA
Salinity,34.62560803,BP,34.62560803,NA,NA
Salinity,34.6260252,BP,34.6260252,NA,NA
Salinity,34.63018951,W,34.63018951,NA,NA
Salinity,34.63061407,BP,34.63061407,0,0
Salinity,34.63103124,BP,34.63103124,NA,NA
Salinity,34.63144841,BP,34.63144841,NA,NA
Salinity,34.63186558,BP,34.63186558,0,0
Salinity,34.63228275,BP,34.63228275,NA,NA
Salinity,34.63395143,BP,34.63395143,NA,NA
Salinity,34.6343686,BP,34.6343686,NA,NA
Salinity,34.63478577,BP,34.63478577,NA,NA
Salinity,34.63520294,BP,34.63520294,NA,NA
Salinity,34.6359029,W,34.6359029,0,0
Salinity,34.63645445,BP,34.63645445,NA,NA
Salinity,34.63687162,BP,34.63687162,NA,NA
Salinity,34.63728879,BP,34.63728879,0,0
Salinity,34.6385403,BP,34.6385403,NA,NA
Salinity,34.63937464,BP,34.63937464,NA,NA
Salinity,34.63979181,BP,34.63979181,0,0
Salinity,34.64104332,BP,34.64104332,NA,NA
Salinity,34.642712,BP,34.642712,NA,NA
Salinity,34.64312917,BP,34.64312917,NA,NA
Salinity,34.64396351,BP,34.64396351,NA,NA
Salinity,34.64521502,BP,34.64521502,NA,NA
Salinity,34.64771804,BP,34.64771804,NA,NA
Salinity,34.6510554,BP,34.6510554,NA,NA
Salinity,34.65397559,BP,34.65397559,0,0
Salinity,34.65898163,BP,34.65898163,0,0
Salinity,34.66148466,BP,34.66148466,NA,NA
Salinity,34.66190183,BP,34.66190183,NA,NA
Salinity,34.66273617,BP,34.66273617,NA,NA
Salinity,34.66607353,BP,34.66607353,0,0
Salinity,34.67149674,BP,34.67149674,NA,NA
Silicate,1.03,W,1.03,0,0
Silicate,1.09,BP,1.09,NA,NA
Silicate,1.16,W,1.16,NA,NA
Silicate,1.22,BP,1.22,0,0
Silicate,1.3,BP,1.3,NA,NA
Silicate,1.32,BP,1.32,NA,NA
Silicate,1.33,BP,1.33,NA,NA
Silicate,1.36,W,1.36,NA,NA
Silicate,1.39,BP,1.39,0,0
Silicate,1.4,W,1.4,0,0
Silicate,1.44,W,1.44,NA,NA
Silicate,1.46,W,1.46,NA,NA
Silicate,1.51,BP,1.51,0,0
Silicate,1.51,W,1.51,NA,NA
Silicate,1.54,W,1.54,0,0
Silicate,1.55,W,1.55,0,0
Silicate,1.58,BP,1.58,NA,NA
Silicate,1.58,W,1.58,0,0
Silicate,1.59,W,1.59,NA,NA
Silicate,1.61,W,1.61,NA,NA
Silicate,1.63,W,1.63,0,0
Silicate,1.64,W,1.64,NA,NA
Silicate,1.65,W,1.65,0,0
Silicate,1.66,BP,1.66,NA,NA
Silicate,1.66,W,1.66,NA,NA
Silicate,1.68,W,1.68,NA,NA
Silicate,1.69,W,1.69,NA,NA
Silicate,1.71,W,1.71,NA,NA
Silicate,1.72,BP,1.72,NA,NA
Silicate,1.72,W,1.72,NA,NA
Silicate,1.75,BP,1.75,NA,NA
Silicate,1.75,W,1.75,NA,NA
Silicate,1.76,W,1.76,NA,NA
Silicate,1.77,BP,1.77,NA,NA
Silicate,1.78,BP,1.78,NA,NA
Silicate,1.78,W,1.78,0,0
Silicate,1.79,W,1.79,NA,NA
Silicate,1.81,W,1.81,NA,NA
Silicate,1.82,BP,1.82,NA,NA
Silicate,1.82,W,1.82,NA,NA
Silicate,1.85,BP,1.85,0,0
Silicate,1.86,BP,1.86,NA,NA
Silicate,1.86,W,1.86,NA,NA
Silicate,1.87,W,1.87,0,0
Silicate,1.88,BP,1.88,NA,NA
Silicate,1.88,W,1.88,NA,NA
Silicate,1.9,W,1.9,0,0
Silicate,1.91,BP,1.91,0,0
Silicate,1.91,W,1.91,NA,NA
Silicate,1.92,BP,1.92,NA,NA
Silicate,1.92,W,1.92,NA,NA
Silicate,1.93,BP,1.93,NA,NA
Silicate,1.93,W,1.93,NA,NA
Silicate,1.96,BP,1.96,NA,NA
Silicate,1.97,BP,1.97,NA,NA
Silicate,1.97,W,1.97,NA,NA
Silicate,1.98,BP,1.98,NA,NA
Silicate,1.99,BP,1.99,NA,NA
Silicate,2,W,2,NA,NA
Silicate,2.03,BP,2.03,NA,NA
Silicate,2.03,W,2.03,NA,NA
Silicate,2.04,BP,2.04,0,0
Silicate,2.04,W,2.04,0,0
Silicate,2.05,BP,2.05,NA,NA
Silicate,2.05,W,2.05,NA,NA
Silicate,2.06,BP,2.06,NA,NA
Silicate,2.07,BP,2.07,0,0
Silicate,2.07,W,2.07,0,0
Silicate,2.11,W,2.11,NA,NA
Silicate,2.12,W,2.12,NA,NA
Silicate,2.18,BP,2.18,NA,NA
Silicate,2.18,W,2.18,NA,NA
Silicate,2.19,BP,2.19,NA,NA
Silicate,2.2,BP,2.2,NA,NA
Silicate,2.2,W,2.2,0,0
Silicate,2.22,BP,2.22,0,0
Silicate,2.24,BP,2.24,NA,NA
Silicate,2.27,W,2.27,NA,NA
Silicate,2.31,BP,2.31,NA,NA
Silicate,2.33,BP,2.33,0,0
Silicate,2.34,W,2.34,0,0
Silicate,2.35,W,2.35,0,0
Silicate,2.36,BP,2.36,0,0
Silicate,2.38,W,2.38,NA,NA
Silicate,2.39,BP,2.39,NA,NA
Silicate,2.39,W,2.39,NA,NA
Silicate,2.4,W,2.4,NA,NA
Silicate,2.41,BP,2.41,NA,NA
Silicate,2.43,BP,2.43,0,0
Silicate,2.45,BP,2.45,NA,NA
Silicate,2.49,W,2.49,NA,NA
Silicate,2.51,W,2.51,NA,NA
Silicate,2.53,BP,2.53,0,0
Silicate,2.54,W,2.54,NA,NA
Silicate,2.55,BP,2.55,NA,NA
Silicate,2.56,BP,2.56,NA,NA
Silicate,2.6,W,2.6,NA,NA
Silicate,2.63,BP,2.63,NA,NA
Silicate,2.63,W,2.63,NA,NA
Silicate,2.64,BP,2.64,NA,NA
Silicate,2.66,W,2.66,NA,NA
Silicate,2.73,BP,2.73,NA,NA
Silicate,2.74,W,2.74,NA,NA
Silicate,2.75,W,2.75,NA,NA
Silicate,2.82,BP,2.82,NA,NA
Silicate,2.82,W,2.82,NA,NA
Silicate,2.83,BP,2.83,NA,NA
Silicate,2.84,BP,2.84,NA,NA
Silicate,2.84,W,2.84,NA,NA
Silicate,2.91,W,2.91,NA,NA
Silicate,2.99,W,2.99,NA,NA
Silicate,3.01,W,3.01,NA,NA
Silicate,3.02,BP,3.02,NA,NA
Silicate,3.06,W,3.06,NA,NA
Silicate,3.12,W,3.12,NA,NA
Silicate,3.14,W,3.14,NA,NA
Silicate,3.16,BP,3.16,NA,NA
Silicate,3.17,W,3.17,NA,NA
Silicate,3.18,BP,3.18,NA,NA
Silicate,3.18,W,3.18,0,0
Silicate,3.2,BP,3.2,NA,NA
Silicate,3.22,W,3.22,NA,NA
Silicate,3.25,W,3.25,NA,NA
Silicate,3.26,W,3.26,NA,NA
Silicate,3.28,BP,3.28,NA,NA
Silicate,3.31,BP,3.31,NA,NA
Silicate,3.35,W,3.35,NA,NA
Silicate,3.41,W,3.41,NA,NA
Silicate,3.46,W,3.46,NA,NA
Silicate,3.53,W,3.53,NA,NA
Silicate,3.54,BP,3.54,NA,NA
Silicate,3.55,W,3.55,NA,NA
Silicate,3.56,BP,3.56,NA,NA
Silicate,3.56,W,3.56,NA,NA
Silicate,3.61,W,3.61,NA,NA
Silicate,3.72,W,3.72,NA,NA
Silicate,3.75,BP,3.75,NA,NA
Silicate,3.76,W,3.76,NA,NA
Silicate,3.83,W,3.83,NA,NA
Silicate,3.95,W,3.95,NA,NA
Silicate,3.97,BP,3.97,NA,NA
Silicate,3.97,W,3.97,NA,NA
Silicate,3.99,W,3.99,NA,NA
Silicate,4.04,W,4.04,NA,NA
Silicate,4.05,W,4.05,NA,NA
Silicate,4.12,BP,4.12,NA,NA
Silicate,4.18,W,4.18,NA,NA
Silicate,4.2,BP,4.2,NA,NA
Silicate,4.2,W,4.2,NA,NA
Silicate,4.23,W,4.23,NA,NA
Silicate,4.37,BP,4.37,NA,NA
Silicate,4.38,W,4.38,NA,NA
Silicate,4.39,W,4.39,NA,NA
Silicate,4.46,W,4.46,NA,NA
Silicate,4.48,W,4.48,NA,NA
Silicate,4.56,W,4.56,NA,NA
Silicate,4.66,W,4.66,NA,NA
Silicate,4.67,W,4.67,NA,NA
Silicate,4.96,BP,4.96,NA,NA
Silicate,5.04,W,5.04,NA,NA
Silicate,5.21,W,5.21,NA,NA
Silicate,5.29,W,5.29,NA,NA
Silicate,5.4,W,5.4,NA,NA
Silicate,5.43,W,5.43,NA,NA
Silicate,5.5,W,5.5,NA,NA
Silicate,5.54,W,5.54,NA,NA
Silicate,5.78,W,5.78,NA,NA
Silicate,5.81,W,5.81,NA,NA
Silicate,5.92,W,5.92,NA,NA
Silicate,5.94,BP,5.94,NA,NA
Silicate,6.05,BP,6.05,NA,NA
Silicate,6.05,W,6.05,NA,NA
Silicate,6.44,BP,6.44,NA,NA
Silicate,6.46,BP,6.46,NA,NA
Silicate,6.55,W,6.55,NA,NA
Silicate,6.58,W,6.58,NA,NA
Silicate,6.85,W,6.85,NA,NA
Silicate,7.18,W,7.18,NA,NA
Silicate,7.31,W,7.31,NA,NA
Silicate,7.47,BP,7.47,NA,NA
Silicate,7.5,W,7.5,NA,NA
Silicate,7.59,W,7.59,NA,NA
Silicate,7.68,W,7.68,NA,NA
Silicate,7.71,BP,7.71,NA,NA
Silicate,7.75,BP,7.75,NA,NA
Silicate,8.25,BP,8.25,NA,NA
Silicate,8.86,BP,8.86,NA,NA
Silicate,8.9,BP,8.9,NA,NA
Silicate,8.9,W,8.9,NA,NA
Silicate,9.64,W,9.64,NA,NA
Silicate,9.98,BP,9.98,NA,NA
Silicate,10.27,BP,10.27,NA,NA
Silicate,10.51,W,10.51,NA,NA
Silicate,10.55,BP,10.55,NA,NA
Silicate,10.67,BP,10.67,NA,NA
Silicate,10.78,W,10.78,NA,NA
Silicate,10.97,BP,10.97,NA,NA
Silicate,10.99,BP,10.99,NA,NA
Silicate,11,BP,11,NA,NA
Silicate,11.49,BP,11.49,NA,NA
Silicate,12.08,BP,12.08,NA,NA
Silicate,12.14,BP,12.14,NA,NA
Silicate,12.98,BP,12.98,NA,NA
Silicate,13.33,BP,13.33,NA,NA
Silicate,14.11,W,14.11,NA,NA
Silicate,14.43,BP,14.43,NA,NA
Silicate,14.52,BP,14.52,NA,NA
Silicate,14.66,BP,14.66,NA,NA
Silicate,14.76,BP,14.76,NA,NA
Silicate,14.77,BP,14.77,NA,NA
Silicate,15.04,W,15.04,NA,NA
Silicate,15.11,BP,15.11,NA,NA
Silicate,15.12,BP,15.12,NA,NA
Silicate,15.13,BP,15.13,NA,NA
Silicate,15.37,W,15.37,NA,NA
Silicate,16.49,BP,16.49,NA,NA
Silicate,16.59,BP,16.59,NA,NA
Silicate,17.34,BP,17.34,NA,NA
Silicate,17.53,W,17.53,NA,NA
Silicate,17.99,BP,17.99,NA,NA
Silicate,18.34,BP,18.34,NA,NA
Silicate,19.7,BP,19.7,NA,NA
Silicate,20.03,BP,20.03,NA,NA
Silicate,20.77,W,20.77,NA,NA
Silicate,20.92,BP,20.92,NA,NA
Silicate,21.49,W,21.49,NA,NA
Silicate,21.88,BP,21.88,NA,NA
Silicate,22.89,BP,22.89,NA,NA
Silicate,23.06,BP,23.06,NA,NA
Silicate,23.1,W,23.1,NA,NA
Silicate,23.45,BP,23.45,NA,NA
Silicate,23.68,W,23.68,NA,NA
Silicate,23.98,BP,23.98,NA,NA
Silicate,24.81,BP,24.81,NA,NA
Silicate,25.7,BP,25.7,NA,NA
Silicate,25.78,BP,25.78,NA,NA
Silicate,26.03,BP,26.03,NA,NA
Silicate,29.85,BP,29.85,NA,NA
Silicate,31.21,BP,31.21,NA,NA
Silicate,31.32,BP,31.32,NA,NA
Silicate,31.81,BP,31.81,NA,NA
Silicate,32.15,BP,32.15,NA,NA
Silicate,32.73,BP,32.73,NA,NA
Silicate,34.59,W,34.59,NA,NA
Silicate,35.44,BP,35.44,NA,NA
Silicate,35.5,W,35.5,NA,NA
Silicate,35.53,BP,35.53,NA,NA
Silicate,37.91,BP,37.91,NA,NA
Silicate,38.33,BP,38.33,NA,NA
Silicate,38.75,BP,38.75,NA,NA
Silicate,39.87,BP,39.87,NA,NA
Silicate,42.32,W,42.32,NA,NA
Silicate,42.42,BP,42.42,NA,NA
Silicate,43.65,BP,43.65,NA,NA
Silicate,43.85,BP,43.85,NA,NA
Silicate,44.32,W,44.32,NA,NA
Silicate,44.43,BP,44.43,NA,NA
Silicate,44.66,W,44.66,NA,NA
Silicate,45.05,BP,45.05,NA,NA
Silicate,45.37,BP,45.37,NA,NA
Silicate,45.88,W,45.88,NA,NA
Silicate,46.94,BP,46.94,NA,NA
Silicate,47.59,BP,47.59,NA,NA
Silicate,48.79,BP,48.79,NA,NA
Silicate,49.1,BP,49.1,NA,NA
Silicate,49.31,BP,49.31,NA,NA
Silicate,51.67,W,51.67,NA,NA
Silicate,52.81,W,52.81,NA,NA
Silicate,53.41,W,53.41,NA,NA
Silicate,56.14,BP,56.14,NA,NA
Silicate,56.31,W,56.31,NA,NA
Silicate,58.51,W,58.51,NA,NA
Silicate,68.11,BP,68.11,NA,NA
Silicate,72.32,W,72.32,NA,NA
Silicate,77.51,W,77.51,NA,NA
Silicate,78.7,BP,78.7,NA,NA
Silicate,85.1,BP,85.1,NA,NA
Silicate,92.59,W,92.59,NA,NA
Silicate,94.25,W,94.25,NA,NA
Silicate,113.44,BP,113.44,NA,NA
Silicate,113.59,W,113.59,NA,NA
Silicate,126.47,W,126.47,NA,NA
Silicate,129.12,BP,129.12,NA,NA
Silicate,136.95,BP,136.95,NA,NA
Silicate,143.6,W,143.6,NA,NA
Silicate,151.37,W,151.37,NA,NA
Silicate,151.56,W,151.56,NA,NA
Silicate,157.93,W,157.93,NA,NA
Silicate,198.43,W,198.43,NA,NA
TA,2005.770651,BP,2005.770651,NA,NA
TA,2129.366609,W,2129.366609,NA,NA
TA,2133.421493,W,2133.421493,NA,NA
TA,2145.827701,W,2145.827701,NA,NA
TA,2151.825559,W,2151.825559,NA,NA
TA,2155.302454,W,2155.302454,NA,NA
TA,2158.086772,BP,2158.086772,NA,NA
TA,2161.48229,W,2161.48229,NA,NA
TA,2180.930839,W,2180.930839,NA,NA
TA,2186.695385,BP,2186.695385,NA,NA
TA,2189.086709,BP,2189.086709,NA,NA
TA,2189.458388,W,2189.458388,NA,NA
TA,2192.279963,BP,2192.279963,NA,NA
TA,2194.570047,BP,2194.570047,NA,NA
TA,2199.619975,W,2199.619975,NA,NA
TA,2204.133771,W,2204.133771,NA,NA
TA,2205.1881,W,2205.1881,NA,NA
TA,2206.974224,W,2206.974224,NA,NA
TA,2207.789729,W,2207.789729,NA,NA
TA,2212.273427,W,2212.273427,NA,NA
TA,2212.963581,W,2212.963581,NA,NA
TA,2213.643995,W,2213.643995,NA,NA
TA,2215.231211,BP,2215.231211,NA,NA
TA,2216.418806,W,2216.418806,NA,NA
TA,2216.7581,W,2216.7581,NA,NA
TA,2219.095298,W,2219.095298,NA,NA
TA,2219.513637,W,2219.513637,NA,NA
TA,2219.583262,W,2219.583262,NA,NA
TA,2219.660067,BP,2219.660067,NA,NA
TA,2220.053441,W,2220.053441,NA,NA
TA,2220.335875,W,2220.335875,NA,NA
TA,2220.377584,W,2220.377584,NA,NA
TA,2220.585898,BP,2220.585898,NA,NA
TA,2220.656631,BP,2220.656631,NA,NA
TA,2221.334924,BP,2221.334924,NA,NA
TA,2221.347741,BP,2221.347741,NA,NA
TA,2221.496044,W,2221.496044,NA,NA
TA,2225.157422,W,2225.157422,NA,NA
TA,2226.03246,BP,2226.03246,NA,NA
TA,2226.132597,W,2226.132597,NA,NA
TA,2227.731898,W,2227.731898,NA,NA
TA,2227.978151,W,2227.978151,NA,NA
TA,2228.052265,BP,2228.052265,NA,NA
TA,2231.540629,W,2231.540629,NA,NA
TA,2231.773561,W,2231.773561,NA,NA
TA,2231.928785,W,2231.928785,NA,NA
TA,2232.993566,BP,2232.993566,NA,NA
TA,2233.180943,BP,2233.180943,NA,NA
TA,2233.751992,W,2233.751992,NA,NA
TA,2234.133732,BP,2234.133732,NA,NA
TA,2234.152534,W,2234.152534,NA,NA
TA,2234.700866,W,2234.700866,NA,NA
TA,2235.314033,W,2235.314033,NA,NA
TA,2235.382367,BP,2235.382367,NA,NA
TA,2235.94711,W,2235.94711,NA,NA
TA,2236.163316,BP,2236.163316,NA,NA
TA,2236.573255,BP,2236.573255,NA,NA
TA,2237.131953,W,2237.131953,NA,NA
TA,2237.264392,BP,2237.264392,NA,NA
TA,2237.61632,BP,2237.61632,NA,NA
TA,2237.72937,W,2237.72937,NA,NA
TA,2238.277969,BP,2238.277969,NA,NA
TA,2238.532837,W,2238.532837,NA,NA
TA,2238.606606,W,2238.606606,NA,NA
TA,2238.72427,W,2238.72427,NA,NA
TA,2239.283896,W,2239.283896,NA,NA
TA,2239.324994,W,2239.324994,NA,NA
TA,2240.128003,BP,2240.128003,NA,NA
TA,2240.160568,BP,2240.160568,NA,NA
TA,2240.192809,BP,2240.192809,NA,NA
TA,2240.358874,W,2240.358874,NA,NA
TA,2240.714341,W,2240.714341,NA,NA
TA,2240.889093,W,2240.889093,NA,NA
TA,2240.933924,BP,2240.933924,NA,NA
TA,2241.211157,W,2241.211157,NA,NA
TA,2241.388236,BP,2241.388236,NA,NA
TA,2241.769351,BP,2241.769351,NA,NA
TA,2242.012856,W,2242.012856,NA,NA
TA,2242.025661,BP,2242.025661,NA,NA
TA,2242.05194,W,2242.05194,NA,NA
TA,2242.367666,BP,2242.367666,NA,NA
TA,2242.445381,W,2242.445381,NA,NA
TA,2242.669672,BP,2242.669672,NA,NA
TA,2242.801505,BP,2242.801505,NA,NA
TA,2243.444413,BP,2243.444413,NA,NA
TA,2243.54534,BP,2243.54534,NA,NA
TA,2243.563576,BP,2243.563576,NA,NA
TA,2243.840258,BP,2243.840258,NA,NA
TA,2243.843064,W,2243.843064,NA,NA
TA,2244.10175,W,2244.10175,NA,NA
TA,2244.213993,W,2244.213993,NA,NA
TA,2244.502057,W,2244.502057,NA,NA
TA,2244.596967,W,2244.596967,NA,NA
TA,2244.687113,W,2244.687113,NA,NA
TA,2245.104438,W,2245.104438,NA,NA
TA,2245.596857,W,2245.596857,NA,NA
TA,2245.851148,W,2245.851148,NA,NA
TA,2245.963283,W,2245.963283,NA,NA
TA,2246.246271,BP,2246.246271,NA,NA
TA,2246.641546,BP,2246.641546,NA,NA
TA,2246.937582,W,2246.937582,NA,NA
TA,2247.179605,W,2247.179605,NA,NA
TA,2247.418868,BP,2247.418868,NA,NA
TA,2247.471323,W,2247.471323,NA,NA
TA,2247.691473,W,2247.691473,NA,NA
TA,2248.010876,W,2248.010876,NA,NA
TA,2248.230837,BP,2248.230837,NA,NA
TA,2248.438919,W,2248.438919,NA,NA
TA,2248.676797,W,2248.676797,NA,NA
TA,2248.792728,W,2248.792728,NA,NA
TA,2248.933606,BP,2248.933606,NA,NA
TA,2249.046991,BP,2249.046991,NA,NA
TA,2249.425308,BP,2249.425308,NA,NA
TA,2249.618001,W,2249.618001,NA,NA
TA,2249.646663,W,2249.646663,NA,NA
TA,2249.687868,BP,2249.687868,NA,NA
TA,2249.929778,W,2249.929778,NA,NA
TA,2250.3368,W,2250.3368,NA,NA
TA,2251.166265,BP,2251.166265,NA,NA
TA,2251.2056470000002,BP,2251.2056470000002,NA,NA
TA,2251.215074,BP,2251.215074,NA,NA
TA,2251.264292,W,2251.264292,NA,NA
TA,2251.863751,W,2251.863751,NA,NA
TA,2252.364904,W,2252.364904,NA,NA
TA,2252.612802,BP,2252.612802,NA,NA
TA,2253.270607,W,2253.270607,NA,NA
TA,2253.449673,W,2253.449673,NA,NA
TA,2253.612321,BP,2253.612321,NA,NA
TA,2254.218952,BP,2254.218952,NA,NA
TA,2254.568475,W,2254.568475,NA,NA
TA,2254.602485,W,2254.602485,NA,NA
TA,2254.674753,BP,2254.674753,NA,NA
TA,2254.795338,W,2254.795338,NA,NA
TA,2254.849699,W,2254.849699,NA,NA
TA,2254.998379,W,2254.998379,NA,NA
TA,2255.282957,W,2255.282957,NA,NA
TA,2255.300778,W,2255.300778,NA,NA
TA,2256.437492,W,2256.437492,NA,NA
TA,2256.83964,BP,2256.83964,NA,NA
TA,2257.036208,BP,2257.036208,NA,NA
TA,2257.163597,BP,2257.163597,NA,NA
TA,2257.264212,W,2257.264212,NA,NA
TA,2257.582582,W,2257.582582,NA,NA
TA,2257.603516,W,2257.603516,NA,NA
TA,2257.948452,BP,2257.948452,NA,NA
TA,2258.053746,W,2258.053746,NA,NA
TA,2258.364848,W,2258.364848,NA,NA
TA,2258.76146,W,2258.76146,NA,NA
TA,2258.85078,BP,2258.85078,NA,NA
TA,2258.936004,BP,2258.936004,NA,NA
TA,2259.329722,W,2259.329722,NA,NA
TA,2259.562288,W,2259.562288,NA,NA
TA,2259.577353,W,2259.577353,NA,NA
TA,2259.753937,W,2259.753937,NA,NA
TA,2260.144041,BP,2260.144041,NA,NA
TA,2260.179937,BP,2260.179937,NA,NA
TA,2260.206592,W,2260.206592,NA,NA
TA,2260.598828,W,2260.598828,NA,NA
TA,2261.428824,W,2261.428824,NA,NA
TA,2261.598973,BP,2261.598973,NA,NA
TA,2262.164351,BP,2262.164351,NA,NA
TA,2262.677419,W,2262.677419,NA,NA
TA,2263.320386,W,2263.320386,NA,NA
TA,2263.358534,W,2263.358534,NA,NA
TA,2263.395711,BP,2263.395711,NA,NA
TA,2263.444971,W,2263.444971,NA,NA
TA,2263.486124,W,2263.486124,NA,NA
TA,2263.5227,BP,2263.5227,NA,NA
TA,2263.827588,W,2263.827588,NA,NA
TA,2263.962936,BP,2263.962936,NA,NA
TA,2264.306252,W,2264.306252,NA,NA
TA,2264.320621,BP,2264.320621,NA,NA
TA,2264.343242,BP,2264.343242,NA,NA
TA,2264.357533,BP,2264.357533,NA,NA
TA,2264.389536,W,2264.389536,NA,NA
TA,2264.791301,BP,2264.791301,NA,NA
TA,2265.104985,W,2265.104985,NA,NA
TA,2265.18179,BP,2265.18179,NA,NA
TA,2265.354907,W,2265.354907,NA,NA
TA,2265.708995,BP,2265.708995,NA,NA
TA,2265.980562,BP,2265.980562,NA,NA
TA,2266.224599,BP,2266.224599,NA,NA
TA,2266.276492,BP,2266.276492,NA,NA
TA,2266.405711,W,2266.405711,NA,NA
TA,2266.414651,W,2266.414651,NA,NA
TA,2266.47176,W,2266.47176,NA,NA
TA,2266.715279,W,2266.715279,NA,NA
TA,2266.833129,W,2266.833129,NA,NA
TA,2266.862576,W,2266.862576,NA,NA
TA,2267.194268,BP,2267.194268,NA,NA
TA,2267.318516,BP,2267.318516,NA,NA
TA,2267.586066,BP,2267.586066,NA,NA
TA,2267.730322,BP,2267.730322,NA,NA
TA,2268.266354,W,2268.266354,NA,NA
TA,2268.317898,BP,2268.317898,NA,NA
TA,2268.419106,W,2268.419106,NA,NA
TA,2268.553037,W,2268.553037,NA,NA
TA,2268.841999,W,2268.841999,NA,NA
TA,2268.926038,BP,2268.926038,NA,NA
TA,2269.052036,BP,2269.052036,NA,NA
TA,2269.134251,W,2269.134251,NA,NA
TA,2269.68769,BP,2269.68769,NA,NA
TA,2270.034481,BP,2270.034481,NA,NA
TA,2270.401798,W,2270.401798,NA,NA
TA,2270.824438,W,2270.824438,NA,NA
TA,2270.886531,BP,2270.886531,NA,NA
TA,2271.308956,BP,2271.308956,NA,NA
TA,2272.001539,BP,2272.001539,NA,NA
TA,2272.158322,BP,2272.158322,NA,NA
TA,2272.39081,W,2272.39081,NA,NA
TA,2272.420358,BP,2272.420358,NA,NA
TA,2272.939258,BP,2272.939258,NA,NA
TA,2273.234331,W,2273.234331,NA,NA
TA,2273.407056,W,2273.407056,NA,NA
TA,2274.232202,BP,2274.232202,NA,NA
TA,2274.315854,W,2274.315854,NA,NA
TA,2274.630462,W,2274.630462,NA,NA
TA,2274.697509,W,2274.697509,NA,NA
TA,2275.301599,BP,2275.301599,NA,NA
TA,2275.456662,W,2275.456662,NA,NA
TA,2276.121447,BP,2276.121447,NA,NA
TA,2277.045233,W,2277.045233,NA,NA
TA,2277.28047,BP,2277.28047,NA,NA
TA,2277.477824,BP,2277.477824,NA,NA
TA,2278.298318,W,2278.298318,NA,NA
TA,2278.659129,W,2278.659129,NA,NA
TA,2278.998271,W,2278.998271,NA,NA
TA,2280.216101,BP,2280.216101,NA,NA
TA,2280.421802,BP,2280.421802,NA,NA
TA,2280.531534,BP,2280.531534,NA,NA
TA,2280.792107,W,2280.792107,NA,NA
TA,2280.920815,W,2280.920815,NA,NA
TA,2280.975035,BP,2280.975035,NA,NA
TA,2281.27459,BP,2281.27459,NA,NA
TA,2281.618209,W,2281.618209,NA,NA
TA,2281.690363,W,2281.690363,NA,NA
TA,2281.7078,W,2281.7078,NA,NA
TA,2282.497485,BP,2282.497485,NA,NA
TA,2283.21026,W,2283.21026,NA,NA
TA,2283.299873,BP,2283.299873,NA,NA
TA,2283.34633,BP,2283.34633,NA,NA
TA,2283.485901,W,2283.485901,NA,NA
TA,2283.721685,W,2283.721685,NA,NA
TA,2284.103997,W,2284.103997,NA,NA
TA,2284.136728,W,2284.136728,NA,NA
TA,2284.595236,BP,2284.595236,NA,NA
TA,2284.913361,W,2284.913361,NA,NA
TA,2286.930259,BP,2286.930259,NA,NA
TA,2287.415556,BP,2287.415556,NA,NA
TA,2287.435587,BP,2287.435587,NA,NA
TA,2287.455925,BP,2287.455925,NA,NA
TA,2287.935858,BP,2287.935858,NA,NA
TA,2288.464523,W,2288.464523,NA,NA
TA,2288.673354,W,2288.673354,NA,NA
TA,2288.770164,W,2288.770164,NA,NA
TA,2289.427426,W,2289.427426,NA,NA
TA,2289.515865,W,2289.515865,NA,NA
TA,2289.920174,BP,2289.920174,NA,NA
TA,2290.440985,BP,2290.440985,NA,NA
TA,2290.902568,BP,2290.902568,NA,NA
TA,2291.088014,BP,2291.088014,NA,NA
TA,2291.859351,W,2291.859351,NA,NA
TA,2292.858131,BP,2292.858131,NA,NA
TA,2293.36831,BP,2293.36831,NA,NA
TA,2294.263212,W,2294.263212,NA,NA
TA,2294.499484,W,2294.499484,NA,NA
TA,2294.627259,W,2294.627259,NA,NA
TA,2295.329722,W,2295.329722,NA,NA
TA,2295.739761,BP,2295.739761,NA,NA
TA,2295.977644,W,2295.977644,NA,NA
TA,2296.169136,BP,2296.169136,NA,NA
TA,2297.281158,BP,2297.281158,NA,NA
TA,2298.111629,BP,2298.111629,NA,NA
TA,2298.45,BP,2298.45,NA,NA
TA,2299.97428,BP,2299.97428,NA,NA
TA,2300.599272,W,2300.599272,NA,NA
TA,2301.735952,BP,2301.735952,NA,NA
TA,2303.486119,W,2303.486119,NA,NA
TA,2303.544531,BP,2303.544531,NA,NA
TA,2304.139072,BP,2304.139072,NA,NA
TA,2304.378372,BP,2304.378372,NA,NA
TA,2304.653299,BP,2304.653299,NA,NA
TA,2304.665708,W,2304.665708,NA,NA
TA,2305.157053,W,2305.157053,NA,NA
TA,2306.152035,BP,2306.152035,NA,NA
TA,2307.153511,BP,2307.153511,NA,NA
TA,2307.713267,BP,2307.713267,NA,NA
TA,2308.201796,BP,2308.201796,NA,NA
TA,2308.961939,W,2308.961939,NA,NA
TA,2309.720093,BP,2309.720093,NA,NA
TA,2309.947719,W,2309.947719,NA,NA
TA,2310.447481,BP,2310.447481,NA,NA
TA,2313.877747,BP,2313.877747,NA,NA
TA,2314.542987,BP,2314.542987,NA,NA
TA,2316.328969,BP,2316.328969,NA,NA
TA,2317.478024,BP,2317.478024,NA,NA
TA,2317.859168,W,2317.859168,NA,NA
TA,2318.107265,BP,2318.107265,NA,NA
TA,2320.817047,BP,2320.817047,NA,NA
TA,2323.055217,BP,2323.055217,NA,NA
TA,2325.43206,BP,2325.43206,NA,NA
TA,2326.434209,BP,2326.434209,NA,NA
TA,2327.839765,W,2327.839765,NA,NA
TA,2328.288261,BP,2328.288261,NA,NA
TA,2329.60589,W,2329.60589,NA,NA
TA,2330.784967,BP,2330.784967,NA,NA
TA,2331.331611,BP,2331.331611,NA,NA
TA,2332.185876,BP,2332.185876,NA,NA
TA,2332.963663,BP,2332.963663,NA,NA
TA,2333.262554,BP,2333.262554,NA,NA
TA,2336.320198,W,2336.320198,NA,NA
TA,2340.756951,BP,2340.756951,NA,NA
TA,2355.743146,BP,2355.743146,NA,NA
TA,2363.733527,BP,2363.733527,NA,NA
TA,2376.22279,BP,2376.22279,NA,NA
TA,2397.096741,BP,2397.096741,NA,NA
TA,2397.404824,BP,2397.404824,NA,NA
TA,2413.55454,BP,2413.55454,NA,NA
Temp_in,22.63449814,W,22.63449814,NA,NA
Temp_in,23.26102354,W,23.26102354,NA,NA
Temp_in,23.31951534,W,23.31951534,NA,NA
Temp_in,23.42893972,W,23.42893972,NA,NA
Temp_in,23.44991079,BP,23.44991079,NA,NA
Temp_in,23.47183421,W,23.47183421,NA,NA
Temp_in,23.51966167,W,23.51966167,NA,NA
Temp_in,23.53255956,W,23.53255956,NA,NA
Temp_in,23.55377558,W,23.55377558,NA,NA
Temp_in,23.556481,W,23.556481,NA,NA
Temp_in,23.55826206,BP,23.55826206,NA,NA
Temp_in,23.56437412,BP,23.56437412,NA,NA
Temp_in,23.56789117,BP,23.56789117,NA,NA
Temp_in,23.57837763,BP,23.57837763,NA,NA
Temp_in,23.6051587,BP,23.6051587,NA,NA
Temp_in,23.61317188,W,23.61317188,NA,NA
Temp_in,23.65167304,W,23.65167304,NA,NA
Temp_in,23.6523039,W,23.6523039,NA,NA
Temp_in,23.65293476,W,23.65293476,NA,NA
Temp_in,23.6722341,BP,23.6722341,NA,NA
Temp_in,23.67884846,BP,23.67884846,NA,NA
Temp_in,23.68898041,W,23.68898041,NA,NA
Temp_in,23.69314217,BP,23.69314217,NA,NA
Temp_in,23.72369608,W,23.72369608,NA,NA
Temp_in,23.72550249,W,23.72550249,NA,NA
Temp_in,23.74387241,W,23.74387241,NA,NA
Temp_in,23.74796861,W,23.74796861,NA,NA
Temp_in,23.75505834,W,23.75505834,NA,NA
Temp_in,23.76412004,W,23.76412004,NA,NA
Temp_in,23.7800959,W,23.7800959,NA,NA
Temp_in,23.80016594,BP,23.80016594,NA,NA
Temp_in,23.80041662,W,23.80041662,NA,NA
Temp_in,23.80186672,BP,23.80186672,NA,NA
Temp_in,23.80725669,W,23.80725669,NA,NA
Temp_in,23.82150235,BP,23.82150235,NA,NA
Temp_in,23.82914525,W,23.82914525,NA,NA
Temp_in,23.83159862,BP,23.83159862,NA,NA
Temp_in,23.84408,W,23.84408,NA,NA
Temp_in,23.8555654,BP,23.8555654,NA,NA
Temp_in,23.85659446,W,23.85659446,NA,NA
Temp_in,23.87418146,W,23.87418146,NA,NA
Temp_in,23.87478944,W,23.87478944,NA,NA
Temp_in,23.87550248,W,23.87550248,NA,NA
Temp_in,23.879532180000002,BP,23.879532180000002,NA,NA
Temp_in,23.88018281,BP,23.88018281,NA,NA
Temp_in,23.8898623,W,23.8898623,NA,NA
Temp_in,23.89699277,W,23.89699277,NA,NA
Temp_in,23.90270436,W,23.90270436,NA,NA
Temp_in,23.91328356,BP,23.91328356,NA,NA
Temp_in,23.91871166,W,23.91871166,NA,NA
Temp_in,23.96234839,BP,23.96234839,NA,NA
Temp_in,23.96962105,W,23.96962105,NA,NA
Temp_in,23.97824596,W,23.97824596,NA,NA
Temp_in,23.9802397,W,23.9802397,NA,NA
Temp_in,23.98434878,BP,23.98434878,NA,NA
Temp_in,23.99281824,BP,23.99281824,NA,NA
Temp_in,24.00516582,W,24.00516582,NA,NA
Temp_in,24.00713255,W,24.00713255,NA,NA
Temp_in,24.01982367,W,24.01982367,NA,NA
Temp_in,24.02649761,BP,24.02649761,NA,NA
Temp_in,24.04085082,BP,24.04085082,NA,NA
Temp_in,24.04954757,W,24.04954757,NA,NA
Temp_in,24.05007101,W,24.05007101,NA,NA
Temp_in,24.06194201,W,24.06194201,NA,NA
Temp_in,24.08231046,W,24.08231046,NA,NA
Temp_in,24.10860383,W,24.10860383,NA,NA
Temp_in,24.1146881,BP,24.1146881,NA,NA
Temp_in,24.11935325,BP,24.11935325,NA,NA
Temp_in,24.12984958,W,24.12984958,0,0
Temp_in,24.13040372,BP,24.13040372,NA,NA
Temp_in,24.14020952,BP,24.14020952,NA,NA
Temp_in,24.17257622,W,24.17257622,NA,NA
Temp_in,24.20107795,BP,24.20107795,NA,NA
Temp_in,24.2099128,BP,24.2099128,NA,NA
Temp_in,24.23656885,BP,24.23656885,NA,NA
Temp_in,24.2475804,BP,24.2475804,NA,NA
Temp_in,24.25437307,W,24.25437307,NA,NA
Temp_in,24.26588674,BP,24.26588674,NA,NA
Temp_in,24.26640693,W,24.26640693,NA,NA
Temp_in,24.27209963,W,24.27209963,NA,NA
Temp_in,24.27495121,BP,24.27495121,NA,NA
Temp_in,24.28645788,W,24.28645788,NA,NA
Temp_in,24.30539432,BP,24.30539432,NA,NA
Temp_in,24.31659874,W,24.31659874,NA,NA
Temp_in,24.33583742,BP,24.33583742,NA,NA
Temp_in,24.33998962,BP,24.33998962,NA,NA
Temp_in,24.35549788,BP,24.35549788,NA,NA
Temp_in,24.35883647,BP,24.35883647,NA,NA
Temp_in,24.36430308,BP,24.36430308,NA,NA
Temp_in,24.39985111,BP,24.39985111,NA,NA
Temp_in,24.40795864,BP,24.40795864,NA,NA
Temp_in,24.43115441,W,24.43115441,0,0
Temp_in,24.43239884,BP,24.43239884,NA,NA
Temp_in,24.44086574,BP,24.44086574,NA,NA
Temp_in,24.4424524,W,24.4424524,NA,NA
Temp_in,24.45273464,W,24.45273464,NA,NA
Temp_in,24.50119932,W,24.50119932,NA,NA
Temp_in,24.50343263,W,24.50343263,NA,NA
Temp_in,24.51562606,W,24.51562606,NA,NA
Temp_in,24.52336819,W,24.52336819,NA,NA
Temp_in,24.54774649,BP,24.54774649,NA,NA
Temp_in,24.56946139,W,24.56946139,NA,NA
Temp_in,24.60358254,W,24.60358254,0,0
Temp_in,24.61367267,BP,24.61367267,NA,NA
Temp_in,24.61572552,BP,24.61572552,NA,NA
Temp_in,24.61700769,W,24.61700769,NA,NA
Temp_in,24.62121492,BP,24.62121492,NA,NA
Temp_in,24.64398819,BP,24.64398819,NA,NA
Temp_in,24.71548058,BP,24.71548058,NA,NA
Temp_in,24.76463798,W,24.76463798,NA,NA
Temp_in,24.77369034,W,24.77369034,NA,NA
Temp_in,24.77716809,BP,24.77716809,NA,NA
Temp_in,24.78615874,BP,24.78615874,NA,NA
Temp_in,24.81012382,BP,24.81012382,NA,NA
Temp_in,24.81139318,W,24.81139318,NA,NA
Temp_in,24.82692601,BP,24.82692601,NA,NA
Temp_in,24.83646091,W,24.83646091,NA,NA
Temp_in,24.84828896,BP,24.84828896,NA,NA
Temp_in,24.86769328,BP,24.86769328,NA,NA
Temp_in,24.9418639,W,24.9418639,NA,NA
Temp_in,24.97791928,W,24.97791928,NA,NA
Temp_in,25.02807664,W,25.02807664,NA,NA
Temp_in,25.04213669,W,25.04213669,NA,NA
Temp_in,25.09458918,W,25.09458918,NA,NA
Temp_in,25.20243729,W,25.20243729,NA,NA
Temp_in,25.21517828,W,25.21517828,0,0
Temp_in,25.24803637,W,25.24803637,NA,NA
Temp_in,25.26714707,W,25.26714707,NA,NA
Temp_in,25.28877011,W,25.28877011,NA,NA
Temp_in,25.30033536,W,25.30033536,NA,NA
Temp_in,25.30856245,W,25.30856245,NA,NA
Temp_in,25.31753883,W,25.31753883,NA,NA
Temp_in,25.321412810000002,W,25.321412810000002,NA,NA
Temp_in,25.33238243,W,25.33238243,NA,NA
Temp_in,25.34936877,BP,25.34936877,NA,NA
Temp_in,25.35710456,W,25.35710456,NA,NA
Temp_in,25.36276525,W,25.36276525,NA,NA
Temp_in,25.39966468,W,25.39966468,NA,NA
Temp_in,25.41696805,W,25.41696805,NA,NA
Temp_in,25.44160305,W,25.44160305,NA,NA
Temp_in,25.46666036,W,25.46666036,NA,NA
Temp_in,25.46793771,W,25.46793771,NA,NA
Temp_in,25.4691375,W,25.4691375,0,0
Temp_in,25.47615229,W,25.47615229,NA,NA
Temp_in,25.48436687,W,25.48436687,0,0
Temp_in,25.52240571,W,25.52240571,NA,NA
Temp_in,25.53368361,BP,25.53368361,NA,NA
Temp_in,25.5396418,W,25.5396418,NA,NA
Temp_in,25.54394564,W,25.54394564,NA,NA
Temp_in,25.5747585,W,25.5747585,NA,NA
Temp_in,25.57611959,W,25.57611959,NA,NA
Temp_in,25.57880871,W,25.57880871,NA,NA
Temp_in,25.62518103,W,25.62518103,NA,NA
Temp_in,25.63735834,W,25.63735834,NA,NA
Temp_in,25.64365472,W,25.64365472,NA,NA
Temp_in,25.65082403,W,25.65082403,NA,NA
Temp_in,25.65252817,W,25.65252817,NA,NA
Temp_in,25.65576359,W,25.65576359,NA,NA
Temp_in,25.66787286,BP,25.66787286,NA,NA
Temp_in,25.67325055,W,25.67325055,NA,NA
Temp_in,25.68967338,W,25.68967338,NA,NA
Temp_in,25.71026052,W,25.71026052,NA,NA
Temp_in,25.72976343,W,25.72976343,NA,NA
Temp_in,25.73860766,BP,25.73860766,NA,NA
Temp_in,25.76804737,W,25.76804737,NA,NA
Temp_in,25.8020621,BP,25.8020621,NA,NA
Temp_in,25.82009286,W,25.82009286,NA,NA
Temp_in,25.82313164,W,25.82313164,NA,NA
Temp_in,25.83356331,W,25.83356331,NA,NA
Temp_in,25.88280725,W,25.88280725,NA,NA
Temp_in,25.88621737,BP,25.88621737,NA,NA
Temp_in,25.89532258,W,25.89532258,NA,NA
Temp_in,25.8971684,W,25.8971684,NA,NA
Temp_in,25.90139646,W,25.90139646,0,0
Temp_in,25.90683954,W,25.90683954,NA,NA
Temp_in,25.91379523,W,25.91379523,NA,NA
Temp_in,25.93392292,BP,25.93392292,NA,NA
Temp_in,25.95308568,BP,25.95308568,NA,NA
Temp_in,25.95708185,W,25.95708185,NA,NA
Temp_in,25.97532077,BP,25.97532077,NA,NA
Temp_in,25.99096602,BP,25.99096602,NA,NA
Temp_in,26.03382707,BP,26.03382707,NA,NA
Temp_in,26.04415533,BP,26.04415533,NA,NA
Temp_in,26.04433627,BP,26.04433627,NA,NA
Temp_in,26.0501276,BP,26.0501276,NA,NA
Temp_in,26.07985873,BP,26.07985873,NA,NA
Temp_in,26.08314479,W,26.08314479,NA,NA
Temp_in,26.09454258,BP,26.09454258,NA,NA
Temp_in,26.09657093,BP,26.09657093,NA,NA
Temp_in,26.12886004,BP,26.12886004,NA,NA
Temp_in,26.12973977,BP,26.12973977,NA,NA
Temp_in,26.13841495,BP,26.13841495,NA,NA
Temp_in,26.14198803,W,26.14198803,NA,NA
Temp_in,26.14964391,BP,26.14964391,NA,NA
Temp_in,26.1586899,BP,26.1586899,NA,NA
Temp_in,26.16875144,BP,26.16875144,NA,NA
Temp_in,26.18770102,BP,26.18770102,NA,NA
Temp_in,26.1885656,W,26.1885656,NA,NA
Temp_in,26.21514327,BP,26.21514327,NA,NA
Temp_in,26.22549947,BP,26.22549947,NA,NA
Temp_in,26.23589757,BP,26.23589757,NA,NA
Temp_in,26.25084177,BP,26.25084177,NA,NA
Temp_in,26.2700186,BP,26.2700186,NA,NA
Temp_in,26.27084599,BP,26.27084599,NA,NA
Temp_in,26.2823993,BP,26.2823993,NA,NA
Temp_in,26.28370408,BP,26.28370408,NA,NA
Temp_in,26.29858645,BP,26.29858645,NA,NA
Temp_in,26.31830068,BP,26.31830068,NA,NA
Temp_in,26.32904648,BP,26.32904648,NA,NA
Temp_in,26.32914645,BP,26.32914645,NA,NA
Temp_in,26.33574397,BP,26.33574397,NA,NA
Temp_in,26.34236521,BP,26.34236521,NA,NA
Temp_in,26.37324359,W,26.37324359,NA,NA
Temp_in,26.3741154,BP,26.3741154,NA,NA
Temp_in,26.3766665,BP,26.3766665,NA,NA
Temp_in,26.38784991,W,26.38784991,NA,NA
Temp_in,26.39607726,BP,26.39607726,NA,NA
Temp_in,26.42200645,W,26.42200645,NA,NA
Temp_in,26.43988305,BP,26.43988305,NA,NA
Temp_in,26.44907773,BP,26.44907773,NA,NA
Temp_in,26.45559787,W,26.45559787,NA,NA
Temp_in,26.4641387,BP,26.4641387,NA,NA
Temp_in,26.46962893,BP,26.46962893,NA,NA
Temp_in,26.47511916,BP,26.47511916,NA,NA
Temp_in,26.48220751,BP,26.48220751,NA,NA
Temp_in,26.48281306,W,26.48281306,0,0
Temp_in,26.49456815,BP,26.49456815,NA,NA
Temp_in,26.52213592,BP,26.52213592,NA,NA
Temp_in,26.52661899,W,26.52661899,NA,NA
Temp_in,26.53508651,BP,26.53508651,NA,NA
Temp_in,26.55552153,BP,26.55552153,NA,NA
Temp_in,26.55823033,BP,26.55823033,NA,NA
Temp_in,26.57201624,BP,26.57201624,NA,NA
Temp_in,26.5916292,BP,26.5916292,NA,NA
Temp_in,26.59350312,BP,26.59350312,NA,NA
Temp_in,26.60019207,BP,26.60019207,NA,NA
Temp_in,26.60597928,W,26.60597928,NA,NA
Temp_in,26.66101029,BP,26.66101029,NA,NA
Temp_in,26.66196532,BP,26.66196532,NA,NA
Temp_in,26.69573782,BP,26.69573782,NA,NA
Temp_in,26.73234029,W,26.73234029,NA,NA
Temp_in,26.75952595,BP,26.75952595,NA,NA
Temp_in,26.76143858,BP,26.76143858,NA,NA
Temp_in,26.76421938,BP,26.76421938,NA,NA
Temp_in,26.76743323,W,26.76743323,NA,NA
Temp_in,26.7705343,W,26.7705343,NA,NA
Temp_in,26.78095108,W,26.78095108,NA,NA
Temp_in,26.78995211,W,26.78995211,NA,NA
Temp_in,26.79420944,BP,26.79420944,NA,NA
Temp_in,26.82956186,W,26.82956186,NA,NA
Temp_in,26.86921055,BP,26.86921055,NA,NA
Temp_in,26.89176305,W,26.89176305,NA,NA
Temp_in,26.90438398,BP,26.90438398,NA,NA
Temp_in,26.93809503,BP,26.93809503,NA,NA
Temp_in,26.93993178,W,26.93993178,NA,NA
Temp_in,26.94792715,BP,26.94792715,NA,NA
Temp_in,26.96524308,BP,26.96524308,NA,NA
Temp_in,26.97355833,W,26.97355833,NA,NA
Temp_in,27.00614145,BP,27.00614145,NA,NA
Temp_in,27.00824746,W,27.00824746,NA,NA
Temp_in,27.02672311,BP,27.02672311,NA,NA
Temp_in,27.0354885,BP,27.0354885,NA,NA
Temp_in,27.05741591,BP,27.05741591,NA,NA
Temp_in,27.06774146,BP,27.06774146,NA,NA
Temp_in,27.10562886,BP,27.10562886,NA,NA
Temp_in,27.12962167,W,27.12962167,NA,NA
Temp_in,27.13163491,BP,27.13163491,NA,NA
Temp_in,27.16259166,W,27.16259166,NA,NA
Temp_in,27.19561155,W,27.19561155,NA,NA
Temp_in,27.22096664,W,27.22096664,NA,NA
Temp_in,27.22778133,BP,27.22778133,NA,NA
Temp_in,27.23597384,BP,27.23597384,NA,NA
Temp_in,27.24601463,BP,27.24601463,NA,NA
Temp_in,27.27202689,W,27.27202689,NA,NA
Temp_in,27.31654507,BP,27.31654507,NA,NA
Temp_in,27.3170607,W,27.3170607,NA,NA
Temp_in,27.32303057,BP,27.32303057,NA,NA
Temp_in,27.32518847,BP,27.32518847,NA,NA
Temp_in,27.34219822,W,27.34219822,NA,NA
Temp_in,27.39999941,W,27.39999941,NA,NA
Temp_in,27.40983169,W,27.40983169,NA,NA
Temp_in,27.42211556,W,27.42211556,NA,NA
Temp_in,27.42398694,BP,27.42398694,NA,NA
Temp_in,27.43287305,W,27.43287305,NA,NA
Temp_in,27.46158297,BP,27.46158297,NA,NA
Temp_in,27.48360478,W,27.48360478,NA,NA
Temp_in,27.48468849,W,27.48468849,NA,NA
Temp_in,27.50769411,W,27.50769411,NA,NA
Temp_in,27.50866273,BP,27.50866273,NA,NA
Temp_in,27.53207537,BP,27.53207537,NA,NA
Temp_in,27.55117867,BP,27.55117867,NA,NA
Temp_in,27.65231627,W,27.65231627,NA,NA
Temp_in,27.68477446,W,27.68477446,NA,NA
Temp_in,27.69213699,BP,27.69213699,NA,NA
Temp_in,27.79777626,BP,27.79777626,NA,NA
Temp_in,27.80863216,BP,27.80863216,NA,NA
Temp_in,27.8310537,BP,27.8310537,NA,NA
Temp_in,27.86263556,BP,27.86263556,NA,NA
Temp_in,27.8797316,W,27.8797316,NA,NA
Temp_in,27.88902331,W,27.88902331,NA,NA
Temp_in,27.89482354,BP,27.89482354,NA,NA
Temp_in,27.89644282,BP,27.89644282,NA,NA
Temp_in,27.93680125,BP,27.93680125,NA,NA
Temp_in,27.94864676,W,27.94864676,NA,NA
Temp_in,27.96183195,BP,27.96183195,NA,NA
Temp_in,28.01096694,BP,28.01096694,NA,NA
Temp_in,28.13003202,BP,28.13003202,NA,NA
Temp_in,28.34277982,BP,28.34277982,NA,NA
Temp_in,28.49729411,W,28.49729411,NA,NA
Temp_in,28.80420676,BP,28.80420676,NA,NA
pH,7.845,W,7.845,NA,NA
pH,7.852,W,7.852,NA,NA
pH,7.861,W,7.861,NA,NA
pH,7.862096882,BP,7.862096882,NA,NA
pH,7.865,W,7.865,NA,NA
pH,7.868,W,7.868,NA,NA
pH,7.872,BP,7.872,NA,NA
pH,7.879,BP,7.879,NA,NA
pH,7.893,W,7.893,NA,NA
pH,7.901,W,7.901,0,0
pH,7.906,W,7.906,NA,NA
pH,7.906492505,BP,7.906492505,NA,NA
pH,7.907820142,BP,7.907820142,NA,NA
pH,7.908,W,7.908,NA,NA
pH,7.909,W,7.909,NA,NA
pH,7.91,W,7.91,NA,NA
pH,7.91157251,BP,7.91157251,NA,NA
pH,7.915,W,7.915,NA,NA
pH,7.916,W,7.916,NA,NA
pH,7.917,W,7.917,NA,NA
pH,7.918,W,7.918,NA,NA
pH,7.919579465,BP,7.919579465,NA,NA
pH,7.924,W,7.924,0,0
pH,7.925,W,7.925,NA,NA
pH,7.926,W,7.926,NA,NA
pH,7.928,W,7.928,0,0
pH,7.929,W,7.929,NA,NA
pH,7.931,W,7.931,NA,NA
pH,7.931926949,BP,7.931926949,NA,NA
pH,7.933,W,7.933,0,0
pH,7.934,W,7.934,0,0
pH,7.935437457,BP,7.935437457,NA,NA
pH,7.936,W,7.936,NA,NA
pH,7.936426817,BP,7.936426817,NA,NA
pH,7.937,BP,7.937,NA,NA
pH,7.938,W,7.938,NA,NA
pH,7.938589892,BP,7.938589892,NA,NA
pH,7.939820939,BP,7.939820939,NA,NA
pH,7.94,W,7.94,NA,NA
pH,7.942,W,7.942,NA,NA
pH,7.943,W,7.943,NA,NA
pH,7.944,W,7.944,NA,NA
pH,7.945,W,7.945,0,0
pH,7.947,W,7.947,0,0
pH,7.948,W,7.948,0,0
pH,7.948460354,BP,7.948460354,NA,NA
pH,7.95,W,7.95,0,0
pH,7.950516333,BP,7.950516333,NA,NA
pH,7.951,W,7.951,NA,NA
pH,7.951575229,BP,7.951575229,NA,NA
pH,7.953,BP,7.953,0,0
pH,7.953,W,7.953,NA,NA
pH,7.953058009,BP,7.953058009,NA,NA
pH,7.954,BP,7.954,NA,NA
pH,7.954,W,7.954,NA,NA
pH,7.955,W,7.955,NA,NA
pH,7.956,W,7.956,NA,NA
pH,7.957,W,7.957,0,0
pH,7.957918286,BP,7.957918286,NA,NA
pH,7.959,W,7.959,NA,NA
pH,7.95973632,BP,7.95973632,NA,NA
pH,7.96,W,7.96,0,0
pH,7.961,W,7.961,NA,NA
pH,7.962,BP,7.962,NA,NA
pH,7.963,BP,7.963,NA,NA
pH,7.963,W,7.963,0,0
pH,7.964,W,7.964,0,0
pH,7.965,BP,7.965,NA,NA
pH,7.965,W,7.965,NA,NA
pH,7.966,BP,7.966,NA,NA
pH,7.966,W,7.966,NA,NA
pH,7.967,BP,7.967,NA,NA
pH,7.968,BP,7.968,NA,NA
pH,7.969,W,7.969,NA,NA
pH,7.97,BP,7.97,0,0
pH,7.97,W,7.97,0,0
pH,7.971853415,BP,7.971853415,NA,NA
pH,7.972,W,7.972,NA,NA
pH,7.972769704,BP,7.972769704,NA,NA
pH,7.973,BP,7.973,NA,NA
pH,7.973,W,7.973,NA,NA
pH,7.973693782,BP,7.973693782,NA,NA
pH,7.974,W,7.974,NA,NA
pH,7.974828351,BP,7.974828351,NA,NA
pH,7.975,BP,7.975,NA,NA
pH,7.975,W,7.975,NA,NA
pH,7.975074982,BP,7.975074982,NA,NA
pH,7.975679949,BP,7.975679949,NA,NA
pH,7.977,BP,7.977,NA,NA
pH,7.977,W,7.977,NA,NA
pH,7.977504528,BP,7.977504528,NA,NA
pH,7.977855951,BP,7.977855951,NA,NA
pH,7.978,BP,7.978,NA,NA
pH,7.978,W,7.978,NA,NA
pH,7.979,BP,7.979,NA,NA
pH,7.979602367,BP,7.979602367,NA,NA
pH,7.979702972,BP,7.979702972,NA,NA
pH,7.981,W,7.981,NA,NA
pH,7.981226515,BP,7.981226515,NA,NA
pH,7.982,W,7.982,NA,NA
pH,7.985,BP,7.985,NA,NA
pH,7.986,W,7.986,NA,NA
pH,7.986352895,BP,7.986352895,NA,NA
pH,7.987,W,7.987,NA,NA
pH,7.987136933,BP,7.987136933,NA,NA
pH,7.988899045,BP,7.988899045,NA,NA
pH,7.989,W,7.989,NA,NA
pH,7.989379154,BP,7.989379154,NA,NA
pH,7.993,BP,7.993,0,0
pH,7.993,W,7.993,NA,NA
pH,7.993607232,BP,7.993607232,NA,NA
pH,7.993961285,BP,7.993961285,NA,NA
pH,7.994422731,BP,7.994422731,NA,NA
pH,7.995,W,7.995,0,0
pH,7.996,W,7.996,NA,NA
pH,7.997,W,7.997,NA,NA
pH,7.99714614,BP,7.99714614,NA,NA
pH,7.997272455,BP,7.997272455,NA,NA
pH,7.99735822,BP,7.99735822,NA,NA
pH,7.998,W,7.998,NA,NA
pH,7.999,W,7.999,NA,NA
pH,7.999987512,BP,7.999987512,NA,NA
pH,8.001,W,8.001,0,0
pH,8.002,BP,8.002,NA,NA
pH,8.002,W,8.002,NA,NA
pH,8.003,BP,8.003,NA,NA
pH,8.003,W,8.003,0,0
pH,8.003510029,BP,8.003510029,NA,NA
pH,8.005,W,8.005,0,0
pH,8.006,W,8.006,NA,NA
pH,8.006306546,BP,8.006306546,NA,NA
pH,8.008,BP,8.008,NA,NA
pH,8.008,W,8.008,0,0
pH,8.01,W,8.01,0,0
pH,8.011,BP,8.011,NA,NA
pH,8.012,BP,8.012,NA,NA
pH,8.012,W,8.012,NA,NA
pH,8.013,BP,8.013,NA,NA
pH,8.01510812,BP,8.01510812,NA,NA
pH,8.01779811,BP,8.01779811,NA,NA
pH,8.019,BP,8.019,NA,NA
pH,8.019,W,8.019,NA,NA
pH,8.021,BP,8.021,0,0
pH,8.022,W,8.022,NA,NA
pH,8.023,W,8.023,0,0
pH,8.02300933,BP,8.02300933,NA,NA
pH,8.025,BP,8.025,NA,NA
pH,8.025869493,BP,8.025869493,NA,NA
pH,8.026,BP,8.026,NA,NA
pH,8.02651807,BP,8.02651807,NA,NA
pH,8.027,BP,8.027,NA,NA
pH,8.028,BP,8.028,NA,NA
pH,8.028369918,BP,8.028369918,NA,NA
pH,8.03,W,8.03,0,0
pH,8.032,BP,8.032,NA,NA
pH,8.035,BP,8.035,NA,NA
pH,8.037282948,BP,8.037282948,NA,NA
pH,8.039,W,8.039,0,0
pH,8.04,W,8.04,NA,NA
pH,8.042,W,8.042,NA,NA
pH,8.044,BP,8.044,NA,NA
pH,8.045,W,8.045,NA,NA
pH,8.047,BP,8.047,NA,NA
pH,8.048,W,8.048,NA,NA
pH,8.052,W,8.052,NA,NA
pH,8.053,W,8.053,NA,NA
pH,8.053573573,BP,8.053573573,NA,NA
pH,8.054570687,BP,8.054570687,NA,NA
pH,8.057,BP,8.057,0,0
pH,8.05934225,BP,8.05934225,NA,NA
pH,8.060873516,BP,8.060873516,NA,NA
pH,8.062,BP,8.062,NA,NA
pH,8.062,W,8.062,NA,NA
pH,8.062598919,BP,8.062598919,NA,NA
pH,8.063,W,8.063,NA,NA
pH,8.064,BP,8.064,0,0
pH,8.072,W,8.072,NA,NA
pH,8.073,BP,8.073,NA,NA
pH,8.075,BP,8.075,NA,NA
pH,8.075,W,8.075,NA,NA
pH,8.077,W,8.077,0,0
pH,8.078,W,8.078,NA,NA
pH,8.079,W,8.079,0,0
pH,8.08,BP,8.08,NA,NA
pH,8.081,BP,8.081,NA,NA
pH,8.081866954,BP,8.081866954,NA,NA
pH,8.082,BP,8.082,NA,NA
pH,8.083,W,8.083,NA,NA
pH,8.086,W,8.086,0,0
pH,8.087,W,8.087,NA,NA
pH,8.088,W,8.088,0,0
pH,8.089,BP,8.089,NA,NA
pH,8.089,W,8.089,0,0
pH,8.091,W,8.091,NA,NA
pH,8.094,W,8.094,0,0
pH,8.096,W,8.096,0,0
pH,8.097,BP,8.097,0,0
pH,8.097,W,8.097,NA,NA
pH,8.098,W,8.098,NA,NA
pH,8.099,BP,8.099,NA,NA
pH,8.102,BP,8.102,NA,NA
pH,8.103,BP,8.103,NA,NA
pH,8.106,BP,8.106,NA,NA
pH,8.107,BP,8.107,NA,NA
pH,8.109,W,8.109,NA,NA
pH,8.111,BP,8.111,NA,NA
pH,8.111,W,8.111,NA,NA
pH,8.112,W,8.112,0,0
pH,8.113,W,8.113,0,0
pH,8.114,W,8.114,NA,NA
pH,8.114779892,BP,8.114779892,NA,NA
pH,8.116,BP,8.116,NA,NA
pH,8.118,W,8.118,NA,NA
pH,8.123,BP,8.123,NA,NA
pH,8.125,BP,8.125,NA,NA
pH,8.126,BP,8.126,NA,NA
pH,8.127,BP,8.127,NA,NA
pH,8.128,BP,8.128,NA,NA
pH,8.128,W,8.128,NA,NA
pH,8.129,W,8.129,NA,NA
pH,8.135,W,8.135,NA,NA
pH,8.139,W,8.139,0,0
pH,8.141,W,8.141,NA,NA
pH,8.142,BP,8.142,NA,NA
pH,8.142,W,8.142,NA,NA
pH,8.144,BP,8.144,NA,NA
pH,8.147,BP,8.147,NA,NA
pH,8.147,W,8.147,NA,NA
pH,8.148,BP,8.148,0,0
pH,8.149,W,8.149,NA,NA
pH,8.15,W,8.15,NA,NA
pH,8.152,W,8.152,NA,NA
pH,8.154,BP,8.154,NA,NA
pH,8.154,W,8.154,NA,NA
pH,8.159,BP,8.159,NA,NA
pH,8.16,BP,8.16,NA,NA
pH,8.161,BP,8.161,NA,NA
pH,8.165,W,8.165,NA,NA
pH,8.169,W,8.169,NA,NA
pH,8.17,W,8.17,NA,NA
pH,8.171,W,8.171,NA,NA
pH,8.173,W,8.173,NA,NA
pH,8.174,BP,8.174,NA,NA
pH,8.18,BP,8.18,0,0
pH,8.181,BP,8.181,NA,NA
pH,8.182,BP,8.182,NA,NA
pH,8.184,BP,8.184,NA,NA
pH,8.192,BP,8.192,NA,NA
pH,8.192,W,8.192,NA,NA
pH,8.194,W,8.194,NA,NA
pH,8.199,W,8.199,NA,NA
pH,8.2,BP,8.2,NA,NA
pH,8.205,BP,8.205,NA,NA
pH,8.225,BP,8.225,NA,NA
pH,8.228,BP,8.228,NA,NA
pH,8.237,BP,8.237,NA,NA
pH,8.238,BP,8.238,NA,NA
pH,8.241,BP,8.241,NA,NA
pH,8.242,BP,8.242,NA,NA
pH,8.264,BP,8.264,NA,NA
pH,8.272,BP,8.272,NA,NA
pH,8.279,BP,8.279,NA,NA
pH,8.288,BP,8.288,0,0
pH,8.292,BP,8.292,NA,NA
pH,8.306,BP,8.306,NA,NA
pH,8.307,BP,8.307,NA,NA
pH,8.309,BP,8.309,NA,NA
pH,8.322,BP,8.322,NA,NA
pH,8.325,BP,8.325,NA,NA
percent_sgd,0.133074935,W,0.133074935,0,0
percent_sgd,0.137279597,BP,0.137279597,NA,NA
percent_sgd,0.149870801,W,0.149870801,NA,NA
percent_sgd,0.153652393,BP,0.153652393,0,0
percent_sgd,0.16372796,BP,0.16372796,NA,NA
percent_sgd,0.166246851,BP,0.166246851,NA,NA
percent_sgd,0.167506297,BP,0.167506297,NA,NA
percent_sgd,0.175062972,BP,0.175062972,0,0
percent_sgd,0.175710594,W,0.175710594,NA,NA
percent_sgd,0.180878553,W,0.180878553,0,0
percent_sgd,0.186046512,W,0.186046512,NA,NA
percent_sgd,0.188630491,W,0.188630491,NA,NA
percent_sgd,0.190176322,BP,0.190176322,0,0
percent_sgd,0.195090439,W,0.195090439,NA,NA
percent_sgd,0.198966408,W,0.198966408,0,0
percent_sgd,0.198992443,BP,0.198992443,NA,NA
percent_sgd,0.200258398,W,0.200258398,0,0
percent_sgd,0.204134367,W,0.204134367,0,0
percent_sgd,0.205426357,W,0.205426357,NA,NA
percent_sgd,0.208010336,W,0.208010336,NA,NA
percent_sgd,0.20906801,BP,0.20906801,NA,NA
percent_sgd,0.210594315,W,0.210594315,0,0
percent_sgd,0.211886305,W,0.211886305,NA,NA
percent_sgd,0.213178295,W,0.213178295,0,0
percent_sgd,0.214470284,W,0.214470284,NA,NA
percent_sgd,0.216624685,BP,0.216624685,NA,NA
percent_sgd,0.217054264,W,0.217054264,NA,NA
percent_sgd,0.218346253,W,0.218346253,NA,NA
percent_sgd,0.220403023,BP,0.220403023,NA,NA
percent_sgd,0.220930233,W,0.220930233,NA,NA
percent_sgd,0.222222222,W,0.222222222,NA,NA
percent_sgd,0.222921914,BP,0.222921914,NA,NA
percent_sgd,0.22418136,BP,0.22418136,NA,NA
percent_sgd,0.226098191,W,0.226098191,NA,NA
percent_sgd,0.227390181,W,0.227390181,NA,NA
percent_sgd,0.229219144,BP,0.229219144,NA,NA
percent_sgd,0.22997416,W,0.22997416,0,0
percent_sgd,0.23126615,W,0.23126615,NA,NA
percent_sgd,0.232997481,BP,0.232997481,0,0
percent_sgd,0.233850129,W,0.233850129,NA,NA
percent_sgd,0.234256927,BP,0.234256927,NA,NA
percent_sgd,0.235142119,W,0.235142119,NA,NA
percent_sgd,0.236775819,BP,0.236775819,NA,NA
percent_sgd,0.240310078,W,0.240310078,NA,NA
percent_sgd,0.240554156,BP,0.240554156,0,0
percent_sgd,0.241602067,W,0.241602067,0,0
percent_sgd,0.241813602,BP,0.241813602,NA,NA
percent_sgd,0.242894057,W,0.242894057,NA,NA
percent_sgd,0.243073048,BP,0.243073048,NA,NA
percent_sgd,0.245478036,W,0.245478036,0,0
percent_sgd,0.246770026,W,0.246770026,NA,NA
percent_sgd,0.246851385,BP,0.246851385,NA,NA
percent_sgd,0.248062016,W,0.248062016,NA,NA
percent_sgd,0.248110831,BP,0.248110831,NA,NA
percent_sgd,0.249354005,W,0.249354005,NA,NA
percent_sgd,0.249370277,BP,0.249370277,NA,NA
percent_sgd,0.250629723,BP,0.250629723,NA,NA
percent_sgd,0.254521964,W,0.254521964,NA,NA
percent_sgd,0.255667506,BP,0.255667506,NA,NA
percent_sgd,0.256926952,BP,0.256926952,0,0
percent_sgd,0.258186398,BP,0.258186398,NA,NA
percent_sgd,0.258397933,W,0.258397933,NA,NA
percent_sgd,0.259445844,BP,0.259445844,NA,NA
percent_sgd,0.26070529,BP,0.26070529,0,0
percent_sgd,0.262273902,W,0.262273902,NA,NA
percent_sgd,0.263565891,W,0.263565891,0,0
percent_sgd,0.264857881,W,0.264857881,NA,NA
percent_sgd,0.26744186,W,0.26744186,0,0
percent_sgd,0.272609819,W,0.272609819,NA,NA
percent_sgd,0.273901809,W,0.273901809,NA,NA
percent_sgd,0.274559194,BP,0.274559194,NA,NA
percent_sgd,0.27581864,BP,0.27581864,NA,NA
percent_sgd,0.277078086,BP,0.277078086,NA,NA
percent_sgd,0.279596977,BP,0.279596977,0,0
percent_sgd,0.281653747,W,0.281653747,NA,NA
percent_sgd,0.282115869,BP,0.282115869,NA,NA
percent_sgd,0.284237726,W,0.284237726,0,0
percent_sgd,0.29093199,BP,0.29093199,NA,NA
percent_sgd,0.293281654,W,0.293281654,NA,NA
percent_sgd,0.293450882,BP,0.293450882,0,0
percent_sgd,0.297229219,BP,0.297229219,0,0
percent_sgd,0.301007557,BP,0.301007557,NA,NA
percent_sgd,0.302325581,W,0.302325581,0,0
percent_sgd,0.303526448,BP,0.303526448,NA,NA
percent_sgd,0.303617571,W,0.303617571,0,0
percent_sgd,0.30604534,BP,0.30604534,0,0
percent_sgd,0.30749354,W,0.30749354,NA,NA
percent_sgd,0.308564232,BP,0.308564232,NA,NA
percent_sgd,0.30878553,W,0.30878553,NA,NA
percent_sgd,0.310077519,W,0.310077519,NA,NA
percent_sgd,0.318639798,BP,0.318639798,0,0
percent_sgd,0.32115869,BP,0.32115869,NA,NA
percent_sgd,0.321705426,W,0.321705426,NA,NA
percent_sgd,0.322418136,BP,0.322418136,NA,NA
percent_sgd,0.324289406,W,0.324289406,NA,NA
percent_sgd,0.328165375,W,0.328165375,NA,NA
percent_sgd,0.331234257,BP,0.331234257,NA,NA
percent_sgd,0.332493703,BP,0.332493703,NA,NA
percent_sgd,0.335917313,W,0.335917313,NA,NA
percent_sgd,0.339793282,W,0.339793282,NA,NA
percent_sgd,0.343669251,W,0.343669251,NA,NA
percent_sgd,0.343828715,BP,0.343828715,NA,NA
percent_sgd,0.354005168,W,0.354005168,NA,NA
percent_sgd,0.355163728,BP,0.355163728,NA,NA
percent_sgd,0.355297158,W,0.355297158,NA,NA
percent_sgd,0.356423174,BP,0.356423174,NA,NA
percent_sgd,0.35768262,BP,0.35768262,NA,NA
percent_sgd,0.364341085,W,0.364341085,NA,NA
percent_sgd,0.366925065,W,0.366925065,NA,NA
percent_sgd,0.375968992,W,0.375968992,NA,NA
percent_sgd,0.380352645,BP,0.380352645,NA,NA
percent_sgd,0.38630491,W,0.38630491,NA,NA
percent_sgd,0.388888889,W,0.388888889,NA,NA
percent_sgd,0.395348837,W,0.395348837,NA,NA
percent_sgd,0.397984887,BP,0.397984887,NA,NA
percent_sgd,0.400503778,BP,0.400503778,NA,NA
percent_sgd,0.40302267,BP,0.40302267,NA,NA
percent_sgd,0.403100775,W,0.403100775,NA,NA
percent_sgd,0.405684755,W,0.405684755,NA,NA
percent_sgd,0.409560724,W,0.409560724,NA,NA
percent_sgd,0.410852713,W,0.410852713,0,0
percent_sgd,0.413098237,BP,0.413098237,NA,NA
percent_sgd,0.416020672,W,0.416020672,NA,NA
percent_sgd,0.416876574,BP,0.416876574,NA,NA
percent_sgd,0.419896641,W,0.419896641,NA,NA
percent_sgd,0.42118863,W,0.42118863,NA,NA
percent_sgd,0.432816537,W,0.432816537,NA,NA
percent_sgd,0.440568475,W,0.440568475,NA,NA
percent_sgd,0.445843829,BP,0.445843829,NA,NA
percent_sgd,0.447028424,W,0.447028424,NA,NA
percent_sgd,0.44836272,BP,0.44836272,NA,NA
percent_sgd,0.456072351,W,0.456072351,NA,NA
percent_sgd,0.458656331,W,0.458656331,NA,NA
percent_sgd,0.45994832,W,0.45994832,NA,NA
percent_sgd,0.466408269,W,0.466408269,NA,NA
percent_sgd,0.472292191,BP,0.472292191,NA,NA
percent_sgd,0.480620155,W,0.480620155,NA,NA
percent_sgd,0.485788114,W,0.485788114,NA,NA
percent_sgd,0.494832041,W,0.494832041,NA,NA
percent_sgd,0.5,BP,0.5,NA,NA
percent_sgd,0.510335917,W,0.510335917,NA,NA
percent_sgd,0.512919897,W,0.512919897,NA,NA
percent_sgd,0.515503876,W,0.515503876,NA,NA
percent_sgd,0.518891688,BP,0.518891688,NA,NA
percent_sgd,0.521963824,W,0.521963824,NA,NA
percent_sgd,0.523255814,W,0.523255814,NA,NA
percent_sgd,0.528967254,BP,0.528967254,NA,NA
percent_sgd,0.54005168,W,0.54005168,NA,NA
percent_sgd,0.542635659,W,0.542635659,NA,NA
percent_sgd,0.546511628,W,0.546511628,NA,NA
percent_sgd,0.550377834,BP,0.550377834,NA,NA
percent_sgd,0.565891473,W,0.565891473,NA,NA
percent_sgd,0.567183463,W,0.567183463,NA,NA
percent_sgd,0.57622739,W,0.57622739,NA,NA
percent_sgd,0.57881137,W,0.57881137,NA,NA
percent_sgd,0.589147287,W,0.589147287,NA,NA
percent_sgd,0.602067183,W,0.602067183,NA,NA
percent_sgd,0.603359173,W,0.603359173,NA,NA
percent_sgd,0.624685139,BP,0.624685139,NA,NA
percent_sgd,0.651162791,W,0.651162791,NA,NA
percent_sgd,0.673126615,W,0.673126615,NA,NA
percent_sgd,0.683462532,W,0.683462532,NA,NA
percent_sgd,0.697674419,W,0.697674419,NA,NA
percent_sgd,0.701550388,W,0.701550388,NA,NA
percent_sgd,0.710594315,W,0.710594315,NA,NA
percent_sgd,0.715762274,W,0.715762274,NA,NA
percent_sgd,0.746770026,W,0.746770026,NA,NA
percent_sgd,0.748110831,BP,0.748110831,NA,NA
percent_sgd,0.750645995,W,0.750645995,NA,NA
percent_sgd,0.761964736,BP,0.761964736,NA,NA
percent_sgd,0.764857881,W,0.764857881,NA,NA
percent_sgd,0.781653747,W,0.781653747,NA,NA
percent_sgd,0.811083123,BP,0.811083123,NA,NA
percent_sgd,0.813602015,BP,0.813602015,NA,NA
percent_sgd,0.84625323,W,0.84625323,NA,NA
percent_sgd,0.850129199,W,0.850129199,NA,NA
percent_sgd,0.88501292,W,0.88501292,NA,NA
percent_sgd,0.927648579,W,0.927648579,NA,NA
percent_sgd,0.940806045,BP,0.940806045,NA,NA
percent_sgd,0.944444444,W,0.944444444,NA,NA
percent_sgd,0.968992248,W,0.968992248,NA,NA
percent_sgd,0.971032746,BP,0.971032746,NA,NA
percent_sgd,0.976070529,BP,0.976070529,NA,NA
percent_sgd,0.980620155,W,0.980620155,NA,NA
percent_sgd,0.992248062,W,0.992248062,NA,NA
percent_sgd,1.039042821,BP,1.039042821,NA,NA
percent_sgd,1.115869018,BP,1.115869018,NA,NA
percent_sgd,1.120906801,BP,1.120906801,NA,NA
percent_sgd,1.149870801,W,1.149870801,NA,NA
percent_sgd,1.245478036,W,1.245478036,NA,NA
percent_sgd,1.256926952,BP,1.256926952,NA,NA
percent_sgd,1.293450882,BP,1.293450882,NA,NA
percent_sgd,1.328715365,BP,1.328715365,NA,NA
percent_sgd,1.343828715,BP,1.343828715,NA,NA
percent_sgd,1.357881137,W,1.357881137,NA,NA
percent_sgd,1.381612091,BP,1.381612091,NA,NA
percent_sgd,1.384130982,BP,1.384130982,NA,NA
percent_sgd,1.385390428,BP,1.385390428,NA,NA
percent_sgd,1.392764858,W,1.392764858,NA,NA
percent_sgd,1.447103275,BP,1.447103275,NA,NA
percent_sgd,1.521410579,BP,1.521410579,NA,NA
percent_sgd,1.528967254,BP,1.528967254,NA,NA
percent_sgd,1.634760705,BP,1.634760705,NA,NA
percent_sgd,1.67884131,BP,1.67884131,NA,NA
percent_sgd,1.817380353,BP,1.817380353,NA,NA
percent_sgd,1.822997416,W,1.822997416,NA,NA
percent_sgd,1.828715365,BP,1.828715365,NA,NA
percent_sgd,1.846347607,BP,1.846347607,NA,NA
percent_sgd,1.858942065,BP,1.858942065,NA,NA
percent_sgd,1.860201511,BP,1.860201511,NA,NA
percent_sgd,1.90302267,BP,1.90302267,NA,NA
percent_sgd,1.904282116,BP,1.904282116,NA,NA
percent_sgd,1.905541562,BP,1.905541562,NA,NA
percent_sgd,1.943152455,W,1.943152455,NA,NA
percent_sgd,1.985788114,W,1.985788114,NA,NA
percent_sgd,2.076826196,BP,2.076826196,NA,NA
percent_sgd,2.089420655,BP,2.089420655,NA,NA
percent_sgd,2.183879093,BP,2.183879093,NA,NA
percent_sgd,2.264857881,W,2.264857881,NA,NA
percent_sgd,2.265743073,BP,2.265743073,NA,NA
percent_sgd,2.309823678,BP,2.309823678,NA,NA
percent_sgd,2.481108312,BP,2.481108312,NA,NA
percent_sgd,2.522670025,BP,2.522670025,NA,NA
percent_sgd,2.634760705,BP,2.634760705,NA,NA
percent_sgd,2.683462532,W,2.683462532,NA,NA
percent_sgd,2.755667506,BP,2.755667506,NA,NA
percent_sgd,2.776485788,W,2.776485788,NA,NA
percent_sgd,2.882871537,BP,2.882871537,NA,NA
percent_sgd,2.904282116,BP,2.904282116,NA,NA
percent_sgd,2.953400504,BP,2.953400504,NA,NA
percent_sgd,2.984496124,W,2.984496124,NA,NA
percent_sgd,3.020151134,BP,3.020151134,NA,NA
percent_sgd,3.059431525,W,3.059431525,NA,NA
percent_sgd,3.124685139,BP,3.124685139,NA,NA
percent_sgd,3.236775819,BP,3.236775819,NA,NA
percent_sgd,3.246851385,BP,3.246851385,NA,NA
percent_sgd,3.278337531,BP,3.278337531,NA,NA
percent_sgd,3.759445844,BP,3.759445844,NA,NA
percent_sgd,3.930730479,BP,3.930730479,NA,NA
percent_sgd,3.944584383,BP,3.944584383,NA,NA
percent_sgd,4.006297229,BP,4.006297229,NA,NA
percent_sgd,4.049118388,BP,4.049118388,NA,NA
percent_sgd,4.122166247,BP,4.122166247,NA,NA
percent_sgd,4.463476071,BP,4.463476071,NA,NA
percent_sgd,4.468992248,W,4.468992248,NA,NA
percent_sgd,4.474811083,BP,4.474811083,NA,NA
percent_sgd,4.586563307,W,4.586563307,NA,NA
percent_sgd,4.774559194,BP,4.774559194,NA,NA
percent_sgd,4.827455919,BP,4.827455919,NA,NA
percent_sgd,4.880352645,BP,4.880352645,NA,NA
percent_sgd,5.021410579,BP,5.021410579,NA,NA
percent_sgd,5.34256927,BP,5.34256927,NA,NA
percent_sgd,5.467700258,W,5.467700258,NA,NA
percent_sgd,5.497481108,BP,5.497481108,NA,NA
percent_sgd,5.522670025,BP,5.522670025,NA,NA
percent_sgd,5.595717884,BP,5.595717884,NA,NA
percent_sgd,5.673803526,BP,5.673803526,NA,NA
percent_sgd,5.714105793,BP,5.714105793,NA,NA
percent_sgd,5.726098191,W,5.726098191,NA,NA
percent_sgd,5.77002584,W,5.77002584,NA,NA
percent_sgd,5.911838791,BP,5.911838791,NA,NA
percent_sgd,5.927648579,W,5.927648579,NA,NA
percent_sgd,5.993702771,BP,5.993702771,NA,NA
percent_sgd,6.144836272,BP,6.144836272,NA,NA
percent_sgd,6.183879093,BP,6.183879093,NA,NA
percent_sgd,6.210327456,BP,6.210327456,NA,NA
percent_sgd,6.675710594,W,6.675710594,NA,NA
percent_sgd,6.822997416,W,6.822997416,NA,NA
percent_sgd,6.900516796,W,6.900516796,NA,NA
percent_sgd,7.0705289670000004,BP,7.0705289670000004,NA,NA
percent_sgd,7.275193798,W,7.275193798,NA,NA
percent_sgd,7.559431525,W,7.559431525,NA,NA
percent_sgd,8.578085642,BP,8.578085642,NA,NA
percent_sgd,9.343669251,W,9.343669251,NA,NA
percent_sgd,9.911838791,BP,9.911838791,NA,NA
percent_sgd,10.01421189,W,10.01421189,NA,NA
percent_sgd,10.71788413,BP,10.71788413,NA,NA
percent_sgd,11.9625323,W,11.9625323,NA,NA
percent_sgd,12.17700258,W,12.17700258,NA,NA
percent_sgd,14.28715365,BP,14.28715365,NA,NA
percent_sgd,14.67571059,W,14.67571059,NA,NA
percent_sgd,16.26196474,BP,16.26196474,NA,NA
percent_sgd,16.33979328,W,16.33979328,NA,NA
percent_sgd,17.24811083,BP,17.24811083,NA,NA
percent_sgd,18.55297158,W,18.55297158,NA,NA
percent_sgd,19.55684755,W,19.55684755,NA,NA
percent_sgd,19.58139535,W,19.58139535,NA,NA
percent_sgd,20.40439276,W,20.40439276,NA,NA
percent_sgd,25.6369509,W,25.6369509,NA,NA
